GEN_DIM_CUST_ID,CUSTOMER_NO,PIN,DOCUMENT_NO,TAX_ID,CUSTOMER_TYPE,CUSTOMER_SUB_TYPE,FULL_NAME,FIRST_NAME,LAST_NAME,MIDDLE_NAME,GENDER,BIRTH_DT,PLACE_OF_BIRTH,MARITAL_STATUS,NATIONALITY,OPEN_REASON,CREATION_DT,OPENING_BRN,FLG_IS_COURT_ISSUE,OCCUPATION,WORKPLACE_CUSTOMER_NO,WORKPLACE_NAME,FLG_IS_BLACK_LIST,FLG_IS_VIP,FLG_IS_EMPLOYEER,NUM_OF_EMPLOYEER,RM_NAME,CUSTOMER_GENERATION,FLG_IS_AFFLUENT,FLG_IS_SALARY,FLG_IS_PENSION,FLG_IS_EDV,RISK_LEVEL,RESIDENT_STATUS,RM_ID_CORP,GROUP_ID_CORP,CHECKER_DT_STAMP,MAKER_DT_STAMP,EMPL_PROPERTY_TYPE,SHORT_NAME,COUNTRY,DOCUMENT_NAME,LEGAL_GUARDIAN,PASSPORT_COUNTRY,PASSPORT_NATIONAL_ID,PASSPORT_ISS_DT,PASSPORT_EXP_DT,P_ADDRESS1,P_ADDRESS2,P_ADDRESS3,ENGLISH_FULL_NAME,FLG_IS_BENEFICIARY,CUSTOMER_SINCE,DIRECTOR_CUST_NO,FLG_IS_GREEN_CARD,US_BIRTH,FLG_IS_US_CITIZEN,US_PAYMENT,FLG_IS_US_RESIDENT_POA,FLG_IS_US_ADDRESS,FLG_IS_US_LIVING,US_PASSPORT,FLG_IS_US_PHONE,FLG_IS_US_POA,FLG_IS_US_POST_BOX,US_RELATED_PERSON,FLG_IS_US_TAX_RESIDENT,WORKPLACE_ADDRESS,WORKPLACE,CIF_RECORD_STATUS,FLG_IS_FROZEN,INS_DTTM,TAX_TYPE,FLG_IS_INGROUP,CUST_MIS_1,SHORT_NAME2,SWIFT_CD,CHARGE_GROUP,DEFAULT_MEDIA,CUSTOMER_ADDRESS,CORP_REGISTER_ADDRESS,CORP_REGISTER_COUNTRY,CHECKER_DT,FLG_IS_MILITARY_PASSPORT,CUST_SUB_SEGMENT,AGRAR_PKD,FLG_IS_ACTIVE_CUSTOMER_QUARTERLY,FLG_IS_REMOTE_ACC_ALLOWED,ONLY_LAST_AND_FIRST_NAME_ENG,EMPLOYER_ID,INCORP_DATE,DT_QHT_GROUP,CUST_CLASSIFICATION,LOAN_RESP_ID,ULTIMATE_BENEFICIAL_OWNER,FLG_IS_RELATED_PERSON,COUNTRY_DESC,REGISTRATION_ADDRESS,DOMICILE_ADDRESS
100000001,4011817,88ZA2SR,AZE90664493,,I,INDIVIDUAL,Huseynov Aydin Rauf OGLU,Aydin,Huseynov,Rauf OGLU,M,1982-03-15,QABALA,M,AZ,SALARY,2017-08-02,042,N,IT SPECIALIST,,AZER TELECOM MMC,N,N,N,,,MILLENNIALS_GEN_Y,N,Y,N,Y,2,R,,,2017-08-02 12:03:00,2017-08-02 11:00:00,PUBLIC_SECTOR,AYDIN,AZ,IDENTITY_CARD,,AZ,,2010-06-01,2017-08-04,"QABALA, XETAI PROSPEKTI, EV 112, MEN 98",,,HUSEYNOV AYDIN,N,2017-08,,N,N,N,N,N,N,N,N,N,N,N,N,N,"BAKI, SULEYMAN RUSTEM KUCHESI, EV 140, MEN 28",AZER TELECOM MMC,O,N,2026-06-21,,N,RETAIL,HUSEYNOVAYDI,,FIZIKI,SMS,"QABALA, HEYDER ELIYEV PROSPEKTI, EV 158, MEN 59",,,2026-06-21,N,MASS,,Y,Y,HUSEYNOV AYDIN,,,,STANDARD,,,N,AZERBAIJAN,,
100000002,4011350,3N8L213,AZE36603087,,I,INDIVIDUAL OWNER,Hasanov Murad Samad OGLU,Murad,Hasanov,Samad OGLU,M,1973-09-21,SUMQAYIT,S,AZ,LOAN,2013-06-24,145,N,IT SPECIALIST,,REGIONAL TRADE MMC,N,N,Y,,,GEN_X,N,N,N,Y,2,R,,,2013-06-24 12:30:00,2013-06-24 11:29:00,PUBLIC_SECTOR,MURAD,AZ,IDENTITY_CARD,,AZ,,2013-06-10,2020-08-23,"SUMQAYIT, NIZAMI KUCHESI, EV 210, MEN 40",,,HASANOV MURAD,N,2013-06,,N,N,N,N,N,N,N,N,N,N,N,N,N,"MINGECEVIR, AZADLIQ PROSPEKTI, EV 31, MEN 45",REGIONAL TRADE MMC,O,N,2026-06-21,,N,RETAIL,HASANOVMURA,,FIZIKI,MOBILE_APP,"SUMQAYIT, BABEK PROSPEKTI, EV 218, MEN 83",,,2026-06-21,N,MASS,,Y,Y,HASANOV MURAD,EMP4304,,,STANDARD,,,N,AZERBAIJAN,,
100000003,4007566,63MGJR3,AZE20233951,,I,INDIVIDUAL,Ibrahimov Ramil Ilham OGLU,Ramil,Ibrahimov,Ilham OGLU,M,1948-09-10,MINGECEVIR,M,AZ,SALARY,2015-04-07,268,N,IT SPECIALIST,,CASPIAN LOGISTICS MMC,N,N,N,,,BABY_BOOMERS,N,Y,N,Y,3,R,,,2015-04-07 12:53:00,2015-04-07 11:44:00,SELF_EMPLOYED,RAMIL,AZ,IDENTITY_CARD,,AZ,,2011-06-24,2018-10-16,"MINGECEVIR, NIZAMI KUCHESI, EV 126, MEN 32",,,IBRAHIMOV RAMIL,N,2015-04,,N,N,N,N,N,N,N,N,N,N,N,N,N,"QUBA, HEYDER ELIYEV PROSPEKTI, EV 28, MEN 92",CASPIAN LOGISTICS MMC,O,N,2026-06-21,,N,RETAIL,IBRAHIMORAMI,,FIZIKI,EMAIL,"MINGECEVIR, ATATURK PROSPEKTI, EV 93, MEN 138",,,2026-06-21,N,MASS,,Y,Y,IBRAHIMOV RAMIL,,,,STANDARD,,,N,AZERBAIJAN,,
100000004,4000444,4D3WCJN,AZE23490795,,I,RETAIL,Babayeva Aqil Nazim OGLU,Aqil,Babayeva,Nazim OGLU,M,1966-08-29,LENKERAN,M,AZ,SALARY,2012-09-04,031,N,IT SPECIALIST,,REGIONAL TRADE MMC,N,N,N,,,GEN_X,N,Y,N,Y,4,R,,,2012-09-04 12:20:00,2012-09-04 11:07:00,PRIVATE_SECTOR,AQIL,AZ,IDENTITY_CARD,,AZ,,2010-06-30,2019-01-12,"LENKERAN, BABEK PROSPEKTI, EV 47, MEN 20",,,BABAYEVA AQIL,N,2012-09,,N,N,N,N,N,N,N,N,N,N,N,N,N,"YEVLAX, AZADLIQ PROSPEKTI, EV 96, MEN 13",REGIONAL TRADE MMC,O,N,2026-06-21,,N,RETAIL,BABAYEVAAQIL,,FIZIKI,MOBILE_APP,"LENKERAN, TBLISI PROSPEKTI, EV 72, MEN 19",,,2026-06-21,N,MASS,,Y,Y,BABAYEVA AQIL,,,,STANDARD,,,N,AZERBAIJAN,,
100000005,4014739,2S2U2XE,AZE76778438,,I,INDIVIDUAL,Aghayev Aynur Rasim QIZI,Aynur,Aghayev,Rasim QIZI,F,1984-04-12,BAKI,M,AZ,ABBM,2012-11-16,001,N,ENTREPRENEUR,,TECH SOLUTIONS MMC,N,N,N,,S. Rahimova,MILLENNIALS_GEN_Y,Y,N,N,Y,2,R,,,2012-11-16 12:42:00,2012-11-16 11:12:00,PRIVATE_SECTOR,AYNUR,AZ,IDENTITY_CARD,,AZ,,2011-03-18,2020-05-01,"BAKI, ATATURK PROSPEKTI, EV 54, MEN 115",,,AGHAYEV AYNUR,N,2012-11,,N,N,N,N,N,N,N,N,N,N,N,N,N,"ZAGATALA, TBLISI PROSPEKTI, EV 123, MEN 122",TECH SOLUTIONS MMC,O,N,2026-06-21,,N,RETAIL,AGHAYEVAYNU,,FIZIKI,SMS,"BAKI, TBLISI PROSPEKTI, EV 213, MEN 74",,,2026-06-21,N,AFFLUENT,,Y,Y,AGHAYEV AYNUR,,,,PREMIUM,,,N,AZERBAIJAN,,
100000006,4000877,10HNEE6,AZE80838267,,I,INDIVIDUAL,Jafarov Aysel Vugar QIZI,Aysel,Jafarov,Vugar QIZI,F,1964-06-29,LENKERAN,M,AZ,SALARY,2015-08-10,042,N,ENTREPRENEUR,5023213,REGIONAL TRADE MMC,N,N,N,,,BABY_BOOMERS,N,Y,N,Y,2,R,,,2015-08-10 12:33:00,2015-08-10 11:10:00,PUBLIC_SECTOR,AYSEL,AZ,IDENTITY_CARD,,AZ,,2015-03-14,2025-01-06,"LENKERAN, NIZAMI KUCHESI, EV 54, MEN 82",,,JAFAROV AYSEL,N,2015-08,,N,N,N,N,N,N,N,N,N,N,N,N,N,"YEVLAX, NIZAMI KUCHESI, EV 162, MEN 16",REGIONAL TRADE MMC,O,N,2026-06-21,,N,RETAIL,JAFAROVAYSE,,FIZIKI,EMAIL,"LENKERAN, XETAI PROSPEKTI, EV 83, MEN 43",,,2026-06-21,N,MASS,,Y,Y,JAFAROV AYSEL,,,,STANDARD,,,N,AZERBAIJAN,,
100000007,4013244,3X3M3EB,AZE85105279,,I,INDIVIDUAL,Hajiyeva Laman Camil QIZI,Laman,Hajiyeva,Camil QIZI,F,2001-05-15,MASALLI,S,AZ,SALARY,2022-06-15,042,N,ENTREPRENEUR,5032294,NORTH CONSTRUCTION MMC,N,N,N,,,GEN_Z,N,Y,N,Y,2,R,,,2022-06-15 12:23:00,2022-06-15 11:16:00,SELF_EMPLOYED,LAMAN,AZ,IDENTITY_CARD,,AZ,,2020-02-07,2027-09-05,"MASALLI, HEYDER ELIYEV PROSPEKTI, EV 188, MEN 10",,,HAJIYEVA LAMAN,N,2022-06,,N,N,N,N,N,N,N,N,N,N,N,N,N,"SUMQAYIT, BABEK PROSPEKTI, EV 78, MEN 145",NORTH CONSTRUCTION MMC,O,N,2026-06-21,,N,RETAIL,HAJIYEVALAMA,,FIZIKI,MOBILE_APP,"MASALLI, SULEYMAN RUSTEM KUCHESI, EV 110, MEN 37",,,2026-06-21,N,MASS,,Y,Y,HAJIYEVA LAMAN,,,,STANDARD,,,N,AZERBAIJAN,,
100000008,4014537,,,9982982304,C,CORPORATE,Araz Transport MMC 0001,,,,,,,,,BUSINESS,2014-04-25,145,N,LEGAL_ENTITY,,,N,N,N,175,A. Mammadov,,N,,,Y,3,R,RM1010,GRP0204,2014-04-25 12:00:00,2014-04-25 11:00:00,LEGAL_ENTITY,ARAZTRANSPORTMMC0001,AZ,TAX_CERTIFICATE,,AZ,,,,"MINGECEVIR, TBLISI PROSPEKTI, EV 166, MEN 99",,,ARAZ TRANSPORT MMC 0001,N,2014-04,,N,N,N,N,N,N,N,N,N,N,N,N,N,"MINGECEVIR, SULEYMAN RUSTEM KUCHESI, EV 225, MEN 118",Araz Transport MMC 0001,O,N,2026-06-21,LEGAL_ENTITY,N,CORP,ARAZ TRANSPORT MMC 0,,KORP,MOBILE_APP,"MINGECEVIR, BABEK PROSPEKTI, EV 104, MEN 149","MINGECEVIR, AZADLIQ PROSPEKTI, EV 112, MEN 46",AZ,2026-06-21,N,SME,,Y,Y,,,1999-10-27,GRP_0078,STANDARD,LR6517,,N,AZERBAIJAN,,
100000009,4002910,1JQ9RFD,AZE66502936,,I,INDIVIDUAL,Tagiyev Leyla Ilham QIZI,Leyla,Tagiyev,Ilham QIZI,F,1965-07-14,LENKERAN,D,AZ,LOAN,2020-02-17,168,N,DRIVER,,CASPIAN LOGISTICS MMC,N,N,N,,,GEN_X,N,N,N,Y,2,R,,,2020-02-17 12:36:00,2020-02-17 11:06:00,PUBLIC_SECTOR,LEYLA,AZ,IDENTITY_CARD,,AZ,,2019-06-13,2029-04-22,"LENKERAN, ATATURK PROSPEKTI, EV 119, MEN 15",,,TAGIYEV LEYLA,N,2020-02,,N,N,N,N,N,N,N,N,N,N,N,N,N,"SEKI, NIZAMI KUCHESI, EV 219, MEN 69",CASPIAN LOGISTICS MMC,O,N,2026-06-21,,N,RETAIL,TAGIYEVLEYL,,FIZIKI,MOBILE_APP,"LENKERAN, TBLISI PROSPEKTI, EV 130, MEN 143",,,2026-06-21,N,MASS,,Y,Y,TAGIYEV LEYLA,,,,STANDARD,,,N,AZERBAIJAN,,
100000010,4001503,,,6964331423,C,SME/C,Green Construction MMC 0002,,,,,,,,,BUSINESS,2013-04-13,201,N,LEGAL_ENTITY,,,N,N,N,8,S. Rahimova,,N,,,Y,4,R,RM1008,GRP0255,2013-04-13 12:00:00,2013-04-13 11:00:00,LEGAL_ENTITY,GREENCONSTRUCTIONMMC,AZ,TAX_CERTIFICATE,,AZ,,,,"SUMQAYIT, XETAI PROSPEKTI, EV 179, MEN 16",,,GREEN CONSTRUCTION MMC 0002,N,2013-04,,N,N,N,N,N,N,N,N,N,N,N,N,N,"SUMQAYIT, XETAI PROSPEKTI, EV 67, MEN 124",Green Construction MMC 0002,O,N,2026-06-21,LEGAL_ENTITY,N,CORP,GREEN CONSTRUCTION M,,KORP,SMS,"SUMQAYIT, XETAI PROSPEKTI, EV 51, MEN 40","SUMQAYIT, NIZAMI KUCHESI, EV 233, MEN 19",AZ,2026-06-21,N,SME,,Y,Y,,,2011-08-05,GRP_0179,STANDARD,LR8582,,N,AZERBAIJAN,,
100000011,4000487,2UVQARK,AZE58516051,,I,INDIVIDUAL,Babayeva Fuad Natiq OGLU,Fuad,Babayeva,Natiq OGLU,M,1989-07-25,NAXCIVAN,M,AZ,SALARY,2008-12-29,268,N,ANALYST,,AZER TELECOM MMC,N,N,N,,,MILLENNIALS_GEN_Y,N,Y,N,Y,2,R,,,2008-12-29 12:02:00,2008-12-29 11:18:00,PRIVATE_SECTOR,FUAD,AZ,IDENTITY_CARD,,AZ,,2010-01-01,2018-11-12,"NAXCIVAN, ATATURK PROSPEKTI, EV 187, MEN 129",,,BABAYEVA FUAD,N,2008-12,,N,N,N,N,N,N,N,N,N,N,N,N,N,"NAXCIVAN, ATATURK PROSPEKTI, EV 179, MEN 104",AZER TELECOM MMC,O,N,2026-06-21,,N,RETAIL,BABAYEVAFUAD,,FIZIKI,MOBILE_APP,"NAXCIVAN, AZADLIQ PROSPEKTI, EV 13, MEN 138",,,2026-06-21,N,MASS,,Y,Y,BABAYEVA FUAD,,,,STANDARD,,,N,AZERBAIJAN,,
100000012,4004537,1FKZ1AG,AZE81041072,,I,INDIVIDUAL,Ibrahimov Ramil Natiq OGLU,Ramil,Ibrahimov,Natiq OGLU,M,1957-12-05,GANCA,M,AZ,CARD,2007-02-18,031,N,DOCTOR,5027032,CITY EDUCATION CENTER,N,N,N,,,BABY_BOOMERS,N,N,N,Y,5,R,,,2007-02-18 12:06:00,2007-02-18 11:24:00,PUBLIC_SECTOR,RAMIL,AZ,IDENTITY_CARD,,AZ,,2010-01-01,2019-12-26,"GANCA, AZADLIQ PROSPEKTI, EV 238, MEN 61",,,IBRAHIMOV RAMIL,N,2007-02,,N,N,N,N,N,N,N,N,N,N,N,N,N,"SEKI, XETAI PROSPEKTI, EV 136, MEN 142",CITY EDUCATION CENTER,O,N,2026-06-21,,N,RETAIL,IBRAHIMORAMI,,FIZIKI,MOBILE_APP,"GANCA, BABEK PROSPEKTI, EV 53, MEN 72",,,2026-06-21,N,MASS,,Y,Y,IBRAHIMOV RAMIL,,,,STANDARD,,,N,AZERBAIJAN,,
100000013,4011663,,,6187944769,C,SME/C,Baku Logistics ASC 0003,,,,,,,,,BUSINESS,2017-09-14,168,N,LEGAL_ENTITY,,,N,N,N,40,L. Aliyeva,,N,,,Y,5,R,RM1009,GRP0097,2017-09-14 12:00:00,2017-09-14 11:00:00,LEGAL_ENTITY,BAKULOGISTICSASC0003,AZ,TAX_CERTIFICATE,,AZ,,,,"SIRVAN, HEYDER ELIYEV PROSPEKTI, EV 86, MEN 87",,,BAKU LOGISTICS ASC 0003,N,2017-09,,N,N,N,N,N,N,N,N,N,N,N,N,N,"SIRVAN, BABEK PROSPEKTI, EV 92, MEN 96",Baku Logistics ASC 0003,O,N,2026-06-21,LEGAL_ENTITY,N,CORP,BAKU LOGISTICS ASC 0,,KORP,EMAIL,"SIRVAN, XETAI PROSPEKTI, EV 218, MEN 89","SIRVAN, SULEYMAN RUSTEM KUCHESI, EV 173, MEN 114",AZ,2026-06-21,N,SME,,Y,Y,,,2016-10-23,GRP_0047,STANDARD,LR9161,,N,AZERBAIJAN,,
100000014,4013352,358Y0EP,AZE45098609,,I,INDIVIDUAL OWNER,Asgarov Sevda Rauf QIZI,Sevda,Asgarov,Rauf QIZI,F,1972-03-26,NAXCIVAN,M,AZ,CARD,2015-01-28,102,N,CIVIL SERVANT,5031041,AZER TELECOM MMC,N,N,N,,,GEN_X,N,N,N,Y,3,R,,,2015-01-28 12:21:00,2015-01-28 11:05:00,PUBLIC_SECTOR,SEVDA,AZ,IDENTITY_CARD,,AZ,,2012-12-13,2021-11-13,"NAXCIVAN, XETAI PROSPEKTI, EV 6, MEN 116",,,ASGAROV SEVDA,N,2015-01,,N,N,N,N,N,N,N,N,N,N,N,N,N,"SEKI, HEYDER ELIYEV PROSPEKTI, EV 1, MEN 135",AZER TELECOM MMC,O,N,2026-06-21,,N,RETAIL,ASGAROVSEVD,,FIZIKI,SMS,"NAXCIVAN, AZADLIQ PROSPEKTI, EV 18, MEN 35",,,2026-06-21,N,MASS,,Y,Y,ASGAROV SEVDA,,,,STANDARD,,,N,AZERBAIJAN,,
100000015,4004276,3UUVW87,AZE12407095,,I,RETAIL,Abbasov Emil Samad OGLU,Emil,Abbasov,Samad OGLU,M,1967-12-13,YEVLAX,S,AZ,ABBM,2012-06-16,015,N,DRIVER,5018034,CITY EDUCATION CENTER,N,N,N,,,GEN_X,N,N,N,Y,4,R,,,2012-06-16 12:32:00,2012-06-16 11:44:00,PUBLIC_SECTOR,EMIL,AZ,IDENTITY_CARD,,AZ,,2010-09-18,2018-02-07,"YEVLAX, NIZAMI KUCHESI, EV 205, MEN 79",,,ABBASOV EMIL,N,2012-06,,N,N,N,N,N,N,N,N,N,N,N,N,N,"SAMAXI, ATATURK PROSPEKTI, EV 207, MEN 19",CITY EDUCATION CENTER,O,N,2026-06-21,,N,RETAIL,ABBASOVEMIL,,FIZIKI,EMAIL,"YEVLAX, XETAI PROSPEKTI, EV 117, MEN 7",,,2026-06-21,N,MASS,,Y,Y,ABBASOV EMIL,,,,STANDARD,,,N,AZERBAIJAN,,
100000016,4013321,4BH6ULF,AZE56464526,,I,INDIVIDUAL OWNER,Babayeva Ramil Rasim OGLU,Ramil,Babayeva,Rasim OGLU,M,1983-04-30,SIRVAN,M,AZ,SALARY,2024-08-09,031,N,LAWYER,,FINANCE CONSULTING MMC,N,N,N,,,MILLENNIALS_GEN_Y,N,Y,N,Y,2,R,,,2024-08-09 12:41:00,2024-08-09 11:27:00,SELF_EMPLOYED,RAMIL,AZ,IDENTITY_CARD,,AZ,,2023-02-27,2030-04-21,"SIRVAN, AZADLIQ PROSPEKTI, EV 188, MEN 23",,,BABAYEVA RAMIL,N,2024-08,,N,N,N,N,N,N,N,N,N,N,N,N,N,"SUMQAYIT, HEYDER ELIYEV PROSPEKTI, EV 48, MEN 61",FINANCE CONSULTING MMC,O,N,2026-06-21,,N,RETAIL,BABAYEVARAMI,,FIZIKI,EMAIL,"SIRVAN, XETAI PROSPEKTI, EV 181, MEN 69",,,2026-06-21,N,MASS,,Y,Y,BABAYEVA RAMIL,,,,STANDARD,,,N,AZERBAIJAN,,
100000017,4004091,4GADB36,AZE18174121,,I,INDIVIDUAL,Babayeva Arzu Samad QIZI,Arzu,Babayeva,Samad QIZI,F,1960-01-14,YEVLAX,S,AZ,LOAN,2008-07-21,022,N,ENTREPRENEUR,,FINANCE CONSULTING MMC,N,N,N,,,BABY_BOOMERS,N,N,N,Y,3,R,,,2008-07-21 12:14:00,2008-07-21 11:46:00,SELF_EMPLOYED,ARZU,AZ,IDENTITY_CARD,,AZ,,2010-01-01,2017-11-13,"YEVLAX, ATATURK PROSPEKTI, EV 83, MEN 101",,,BABAYEVA ARZU,N,2008-07,,N,N,N,N,N,N,N,N,N,N,N,N,N,"GANCA, TBLISI PROSPEKTI, EV 161, MEN 37",FINANCE CONSULTING MMC,O,N,2026-06-21,,N,RETAIL,BABAYEVAARZU,,FIZIKI,MOBILE_APP,"YEVLAX, TBLISI PROSPEKTI, EV 41, MEN 67",,,2026-06-21,N,MASS,,Y,Y,BABAYEVA ARZU,,,,STANDARD,,,N,AZERBAIJAN,,
100000018,4001895,5UG5A4C,AZE15945940,,I,INDIVIDUAL,Rahimov Nigar Samad QIZI,Nigar,Rahimov,Samad QIZI,F,1991-09-27,BAKI,S,AZ,SALARY,2012-09-03,022,N,TEACHER,5042231,REGIONAL TRADE MMC,N,N,N,,,MILLENNIALS_GEN_Y,N,Y,N,Y,2,R,,,2012-09-03 12:50:00,2012-09-03 11:39:00,SELF_EMPLOYED,NIGAR,AZ,IDENTITY_CARD,,AZ,,2011-04-19,2020-09-25,"BAKI, TBLISI PROSPEKTI, EV 215, MEN 114",,,RAHIMOV NIGAR,N,2012-09,,N,N,N,N,N,N,N,N,N,N,N,N,N,"QABALA, SULEYMAN RUSTEM KUCHESI, EV 122, MEN 54",REGIONAL TRADE MMC,O,N,2026-06-21,,N,RETAIL,RAHIMOVNIGA,,FIZIKI,EMAIL,"BAKI, XETAI PROSPEKTI, EV 148, MEN 92",,,2026-06-21,N,MASS,,Y,Y,RAHIMOV NIGAR,,,,STANDARD,,,N,AZERBAIJAN,,
100000019,4001366,,,9758615044,C,SME/C,North Agriculture ASC 0004,,,,,,,,,BUSINESS,2007-03-28,120,N,LEGAL_ENTITY,,,N,N,N,28,N. Ibrahimova,,N,,,Y,2,R,RM1004,GRP0244,2007-03-28 12:00:00,2007-03-28 11:00:00,LEGAL_ENTITY,NORTHAGRICULTUREASC0,AZ,TAX_CERTIFICATE,,AZ,,,,"ZAGATALA, XETAI PROSPEKTI, EV 239, MEN 127",,,NORTH AGRICULTURE ASC 0004,N,2007-03,,N,N,N,N,N,N,N,N,N,N,N,N,N,"ZAGATALA, ATATURK PROSPEKTI, EV 34, MEN 95",North Agriculture ASC 0004,O,N,2026-06-21,LEGAL_ENTITY,N,CORP,NORTH AGRICULTURE AS,,KORP,SMS,"ZAGATALA, TBLISI PROSPEKTI, EV 101, MEN 32","ZAGATALA, XETAI PROSPEKTI, EV 195, MEN 87",AZ,2026-06-21,N,SME,,Y,Y,,,1999-11-19,GRP_0092,STANDARD,LR5004,,N,AZERBAIJAN,,
100000020,4005716,9ESUYWM,AZE18080418,,I,RETAIL,Huseynov Khadija Rauf QIZI,Khadija,Huseynov,Rauf QIZI,F,1966-06-20,YEVLAX,M,AZ,SALARY,2022-02-13,168,N,ENTREPRENEUR,5002522,CASPIAN LOGISTICS MMC,N,N,Y,,,GEN_X,N,Y,N,Y,5,R,,,2022-02-13 12:31:00,2022-02-13 11:08:00,PRIVATE_SECTOR,KHADIJA,AZ,IDENTITY_CARD,,AZ,,2014-09-23,2023-09-24,"YEVLAX, HEYDER ELIYEV PROSPEKTI, EV 193, MEN 119",,,HUSEYNOV KHADIJA,N,2022-02,,N,N,N,N,N,N,N,N,N,N,N,N,N,"SAMAXI, XETAI PROSPEKTI, EV 201, MEN 46",CASPIAN LOGISTICS MMC,O,N,2026-06-21,,N,RETAIL,HUSEYNOVKHAD,,FIZIKI,EMAIL,"YEVLAX, AZADLIQ PROSPEKTI, EV 112, MEN 36",,,2026-06-21,N,MASS,,Y,Y,HUSEYNOV KHADIJA,EMP9082,,,STANDARD,,,N,AZERBAIJAN,,
100000021,4006827,8TH143K,AZE14983357,,I,INDIVIDUAL,Nabiyev Anar Rasim OGLU,Anar,Nabiyev,Rasim OGLU,M,1969-05-07,BAKI,M,AZ,SALARY,2005-10-14,042,N,TEACHER,,FINANCE CONSULTING MMC,N,N,N,,,GEN_X,N,Y,N,Y,2,R,,,2005-10-14 12:05:00,2005-10-14 11:19:00,PUBLIC_SECTOR,ANAR,AZ,IDENTITY_CARD,,AZ,,2010-01-01,2017-09-13,"BAKI, NIZAMI KUCHESI, EV 105, MEN 71",,,NABIYEV ANAR,N,2005-10,,N,N,N,N,N,N,N,N,N,N,N,N,N,"QUBA, NIZAMI KUCHESI, EV 69, MEN 47",FINANCE CONSULTING MMC,O,N,2026-06-21,,N,RETAIL,NABIYEVANAR,,FIZIKI,SMS,"BAKI, XETAI PROSPEKTI, EV 176, MEN 50",,,2026-06-21,N,MASS,,Y,Y,NABIYEV ANAR,,,,STANDARD,,,N,AZERBAIJAN,,
100000022,4011667,,,2780037526,C,SME/C,Caspian Technology ASC 0005,,,,,,,,,BUSINESS,2012-11-12,015,N,LEGAL_ENTITY,,,N,N,N,26,K. Huseynov,,N,,,Y,3,R,RM1010,GRP0049,2012-11-12 12:00:00,2012-11-12 11:00:00,LEGAL_ENTITY,CASPIANTECHNOLOGYASC,AZ,TAX_CERTIFICATE,,AZ,,,,"GANCA, SULEYMAN RUSTEM KUCHESI, EV 206, MEN 18",,,CASPIAN TECHNOLOGY ASC 0005,N,2012-11,,N,N,N,N,N,N,N,N,N,N,N,N,N,"GANCA, SULEYMAN RUSTEM KUCHESI, EV 93, MEN 109",Caspian Technology ASC 0005,O,N,2026-06-21,LEGAL_ENTITY,N,CORP,CASPIAN TECHNOLOGY A,,KORP,MOBILE_APP,"GANCA, TBLISI PROSPEKTI, EV 98, MEN 114","GANCA, XETAI PROSPEKTI, EV 71, MEN 58",AZ,2026-06-21,N,SME,,Y,Y,,,2007-01-12,GRP_0251,STANDARD,LR8952,,N,AZERBAIJAN,,
100000023,4003581,2SQ0PFJ,AZE79957763,,I,RETAIL,Ismayilov Zahra Natiq QIZI,Zahra,Ismayilov,Natiq QIZI,F,2000-08-19,SIRVAN,M,AZ,LOAN,2022-05-09,015,N,SALES SPECIALIST,,CASPIAN LOGISTICS MMC,N,N,N,,,GEN_Z,N,N,N,Y,2,R,,,2022-05-09 12:24:00,2022-05-09 11:20:00,PRIVATE_SECTOR,ZAHRA,AZ,IDENTITY_CARD,,AZ,,2016-09-14,2023-12-09,"SIRVAN, ATATURK PROSPEKTI, EV 50, MEN 128",,,ISMAYILOV ZAHRA,N,2022-05,,N,N,N,N,N,N,N,N,N,N,N,N,N,"GANCA, XETAI PROSPEKTI, EV 36, MEN 11",CASPIAN LOGISTICS MMC,O,N,2026-06-21,,N,RETAIL,ISMAYILOZAHR,,FIZIKI,MOBILE_APP,"SIRVAN, BABEK PROSPEKTI, EV 50, MEN 63",,,2026-06-21,N,MASS,,Y,Y,ISMAYILOV ZAHRA,,,,STANDARD,,,N,AZERBAIJAN,,
100000024,4009927,2UVNKZ6,AZE61214339,,I,RETAIL,Hajiyeva Ulker Nazim QIZI,Ulker,Hajiyeva,Nazim QIZI,F,1958-09-16,MINGECEVIR,M,AZ,PENSION,2018-08-04,089,N,IT SPECIALIST,,FINANCE CONSULTING MMC,N,N,N,,,BABY_BOOMERS,N,Y,Y,Y,4,R,,,2018-08-04 12:14:00,2018-08-04 11:35:00,PUBLIC_SECTOR,ULKER,AZ,IDENTITY_CARD,,AZ,,2014-07-24,2022-01-21,"MINGECEVIR, NIZAMI KUCHESI, EV 146, MEN 82",,,HAJIYEVA ULKER,N,2018-08,,N,N,N,N,N,N,N,N,N,N,N,N,N,"LENKERAN, BABEK PROSPEKTI, EV 230, MEN 100",FINANCE CONSULTING MMC,O,N,2026-06-21,,N,RETAIL,HAJIYEVAULKE,,FIZIKI,EMAIL,"MINGECEVIR, BABEK PROSPEKTI, EV 123, MEN 57",,,2026-06-21,N,MASS,,Y,Y,HAJIYEVA ULKER,,,,STANDARD,,,N,AZERBAIJAN,,
100000025,4003364,,,9205161510,C,SME/C,Zirve Pharmacy MMC 0006,,,,,,,,,BUSINESS,2009-04-09,007,N,LEGAL_ENTITY,,,N,N,N,44,L. Aliyeva,,N,,,Y,4,R,RM1007,GRP0274,2009-04-09 12:00:00,2009-04-09 11:00:00,LEGAL_ENTITY,ZIRVEPHARMACYMMC0006,AZ,TAX_CERTIFICATE,,AZ,,,,"BAKI, TBLISI PROSPEKTI, EV 159, MEN 116",,,ZIRVE PHARMACY MMC 0006,N,2009-04,,N,N,N,N,N,N,N,N,N,N,N,N,N,"BAKI, XETAI PROSPEKTI, EV 189, MEN 148",Zirve Pharmacy MMC 0006,O,N,2026-06-21,LEGAL_ENTITY,N,CORP,ZIRVE PHARMACY MMC 0,,KORP,EMAIL,"BAKI, AZADLIQ PROSPEKTI, EV 130, MEN 101","BAKI, TBLISI PROSPEKTI, EV 244, MEN 7",AZ,2026-06-21,N,SME,,Y,Y,,,2006-04-15,GRP_0032,STANDARD,LR8588,,N,AZERBAIJAN,,
100000026,4009992,85UTQV2,AZE45053957,,I,INDIVIDUAL,Babayeva Aynur Samad QIZI,Aynur,Babayeva,Samad QIZI,F,1987-06-24,SIRVAN,M,AZ,ABBM,2009-05-30,168,N,ENGINEER,5007286,AZER TELECOM MMC,N,N,N,,,MILLENNIALS_GEN_Y,N,N,N,Y,4,R,,,2009-05-30 12:38:00,2009-05-30 11:55:00,PRIVATE_SECTOR,AYNUR,AZ,IDENTITY_CARD,,AZ,,2010-01-01,2019-12-29,"SIRVAN, AZADLIQ PROSPEKTI, EV 155, MEN 17",,,BABAYEVA AYNUR,N,2009-05,,N,N,N,N,N,N,N,N,N,N,N,N,N,"BAKI, SULEYMAN RUSTEM KUCHESI, EV 119, MEN 85",AZER TELECOM MMC,O,N,2026-06-21,,N,RETAIL,BABAYEVAAYNU,,FIZIKI,EMAIL,"SIRVAN, XETAI PROSPEKTI, EV 24, MEN 50",,,2026-06-21,N,MASS,,Y,Y,BABAYEVA AYNUR,,,,STANDARD,,,N,AZERBAIJAN,,
100000027,4013195,9BW66KV,AZE81888544,,I,INDIVIDUAL OWNER,Quliyev Aytac Samad QIZI,Aytac,Quliyev,Samad QIZI,F,1959-08-17,MINGECEVIR,M,AZ,SALARY,2015-07-17,089,N,DOCTOR,,MEDICAL SERVICE MMC,N,N,N,,,BABY_BOOMERS,N,Y,N,Y,3,R,,,2015-07-17 12:55:00,2015-07-17 11:09:00,PUBLIC_SECTOR,AYTAC,AZ,IDENTITY_CARD,,AZ,,2014-02-22,2022-02-22,"MINGECEVIR, NIZAMI KUCHESI, EV 221, MEN 136",,,QULIYEV AYTAC,N,2015-07,,N,N,N,N,N,N,N,N,N,N,N,N,N,"SIRVAN, TBLISI PROSPEKTI, EV 21, MEN 119",MEDICAL SERVICE MMC,O,N,2026-06-21,,N,RETAIL,QULIYEVAYTA,,FIZIKI,SMS,"MINGECEVIR, NIZAMI KUCHESI, EV 34, MEN 99",,,2026-06-21,N,MASS,,Y,Y,QULIYEV AYTAC,,,,STANDARD,,,N,AZERBAIJAN,,
100000028,4007620,,,1273391149,C,CORPORATE,Shirvan Energy ASC 0007,,,,,,,,,BUSINESS,2008-01-29,201,N,LEGAL_ENTITY,,,N,N,N,5,A. Mammadov,,N,,,Y,2,R,RM1002,GRP0034,2008-01-29 12:00:00,2008-01-29 11:00:00,LEGAL_ENTITY,SHIRVANENERGYASC0007,AZ,TAX_CERTIFICATE,,AZ,,,,"SEKI, AZADLIQ PROSPEKTI, EV 205, MEN 87",,,SHIRVAN ENERGY ASC 0007,N,2008-01,,N,N,N,N,N,N,N,N,N,N,N,N,N,"SEKI, NIZAMI KUCHESI, EV 201, MEN 100",Shirvan Energy ASC 0007,O,N,2026-06-21,LEGAL_ENTITY,N,CORP,SHIRVAN ENERGY ASC 0,,KORP,MOBILE_APP,"SEKI, SULEYMAN RUSTEM KUCHESI, EV 231, MEN 90","SEKI, AZADLIQ PROSPEKTI, EV 157, MEN 21",AZ,2026-06-21,N,SME,,Y,Y,,,2006-02-15,GRP_0090,STANDARD,LR1505,,N,AZERBAIJAN,,
100000029,4004884,8T4YV3J,AZE54724681,,I,RETAIL,Nabiyev Samir Rasim OGLU,Samir,Nabiyev,Rasim OGLU,M,2001-02-28,SUMQAYIT,S,AZ,SALARY,2022-06-08,042,N,CIVIL SERVANT,,TECH SOLUTIONS MMC,N,N,N,,,GEN_Z,N,Y,N,Y,5,R,,,2022-06-08 12:09:00,2022-06-08 11:50:00,SELF_EMPLOYED,SAMIR,AZ,IDENTITY_CARD,,AZ,,2018-02-09,2027-02-26,"SUMQAYIT, AZADLIQ PROSPEKTI, EV 172, MEN 72",,,NABIYEV SAMIR,N,2022-06,,N,N,N,N,N,N,N,N,N,N,N,N,N,"SEKI, XETAI PROSPEKTI, EV 34, MEN 123",TECH SOLUTIONS MMC,O,N,2026-06-21,,N,RETAIL,NABIYEVSAMI,,FIZIKI,EMAIL,"SUMQAYIT, HEYDER ELIYEV PROSPEKTI, EV 37, MEN 71",,,2026-06-21,N,MASS,,Y,Y,NABIYEV SAMIR,,,,STANDARD,,,N,AZERBAIJAN,,
100000030,4013010,34R1T6V,AZE53391826,,I,INDIVIDUAL,Huseynov Aysu Adil QIZI,Aysu,Huseynov,Adil QIZI,F,1994-07-20,BAKI,M,AZ,SALARY,2017-06-20,031,N,SALES SPECIALIST,5006708,BAKU RETAIL MMC,N,N,N,,,MILLENNIALS_GEN_Y,N,Y,N,Y,2,R,,,2017-06-20 12:31:00,2017-06-20 11:52:00,PUBLIC_SECTOR,AYSU,AZ,IDENTITY_CARD,,AZ,,2016-09-04,2024-05-08,"BAKI, ATATURK PROSPEKTI, EV 41, MEN 65",,,HUSEYNOV AYSU,N,2017-06,,N,N,N,N,N,N,N,N,N,N,N,N,N,"SUMQAYIT, BABEK PROSPEKTI, EV 55, MEN 79",BAKU RETAIL MMC,O,N,2026-06-21,,N,RETAIL,HUSEYNOVAYSU,,FIZIKI,MOBILE_APP,"BAKI, AZADLIQ PROSPEKTI, EV 145, MEN 147",,,2026-06-21,N,MASS,,Y,Y,HUSEYNOV AYSU,,,,STANDARD,,,N,AZERBAIJAN,,
100000031,4005386,,,7046374637,C,SME/C,Zirve Pharmacy ASC 0008,,,,,,,,,BUSINESS,2014-07-25,022,N,LEGAL_ENTITY,,,N,N,N,16,S. Rahimova,,N,,,Y,4,R,RM1009,GRP0012,2014-07-25 12:00:00,2014-07-25 11:00:00,LEGAL_ENTITY,ZIRVEPHARMACYASC0008,AZ,TAX_CERTIFICATE,,AZ,,,,"MINGECEVIR, ATATURK PROSPEKTI, EV 103, MEN 43",,,ZIRVE PHARMACY ASC 0008,N,2014-07,,N,N,N,N,N,N,N,N,N,N,N,N,N,"MINGECEVIR, TBLISI PROSPEKTI, EV 135, MEN 2",Zirve Pharmacy ASC 0008,O,N,2026-06-21,LEGAL_ENTITY,N,CORP,ZIRVE PHARMACY ASC 0,,KORP,MOBILE_APP,"MINGECEVIR, SULEYMAN RUSTEM KUCHESI, EV 109, MEN 80","MINGECEVIR, BABEK PROSPEKTI, EV 44, MEN 110",AZ,2026-06-21,N,SME,,Y,Y,,,2006-11-08,GRP_0050,STANDARD,LR7798,,N,AZERBAIJAN,,
100000032,4012482,991ZQZF,AZE17137459,,I,INDIVIDUAL,Aliyev Aynur Samad QIZI,Aynur,Aliyev,Samad QIZI,F,1993-06-15,MINGECEVIR,S,AZ,SALARY,2014-12-03,089,N,SALES SPECIALIST,,MEDICAL SERVICE MMC,N,N,N,,,MILLENNIALS_GEN_Y,N,Y,N,Y,4,R,,,2014-12-03 12:45:00,2014-12-03 11:13:00,SELF_EMPLOYED,AYNUR,AZ,IDENTITY_CARD,,AZ,,2013-07-05,2022-06-10,"MINGECEVIR, HEYDER ELIYEV PROSPEKTI, EV 149, MEN 92",,,ALIYEV AYNUR,N,2014-12,,N,N,N,N,N,N,N,N,N,N,N,N,N,"MASALLI, HEYDER ELIYEV PROSPEKTI, EV 81, MEN 41",MEDICAL SERVICE MMC,O,N,2026-06-21,,N,RETAIL,ALIYEVAYNU,,FIZIKI,EMAIL,"MINGECEVIR, NIZAMI KUCHESI, EV 150, MEN 104",,,2026-06-21,N,MASS,,Y,Y,ALIYEV AYNUR,,,,STANDARD,,,N,AZERBAIJAN,,
100000033,4013714,8KVSRCE,AZE70191581,,I,INDIVIDUAL,Karimov Samir Rauf OGLU,Samir,Karimov,Rauf OGLU,M,1974-01-06,SUMQAYIT,M,AZ,LOAN,2007-08-15,168,N,ANALYST,,CITY EDUCATION CENTER,N,N,N,,,GEN_X,N,N,N,Y,4,R,,,2007-08-15 12:20:00,2007-08-15 11:55:00,SELF_EMPLOYED,SAMIR,AZ,IDENTITY_CARD,,AZ,,2010-01-01,2018-12-10,"SUMQAYIT, HEYDER ELIYEV PROSPEKTI, EV 43, MEN 82",,,KARIMOV SAMIR,N,2007-08,,N,N,N,N,N,N,N,N,N,N,N,N,N,"ZAGATALA, AZADLIQ PROSPEKTI, EV 152, MEN 69",CITY EDUCATION CENTER,O,N,2026-06-21,,N,RETAIL,KARIMOVSAMI,,FIZIKI,SMS,"SUMQAYIT, HEYDER ELIYEV PROSPEKTI, EV 85, MEN 96",,,2026-06-21,N,MASS,,Y,Y,KARIMOV SAMIR,,,,STANDARD,,,N,AZERBAIJAN,,
100000034,4003569,9K8G0LS,AZE82361681,,I,INDIVIDUAL,Suleymanov Sevda Farhad QIZI,Sevda,Suleymanov,Farhad QIZI,F,1996-09-01,QUBA,M,AZ,SALARY,2015-12-14,268,N,TECHNICIAN,5036740,AZER TELECOM MMC,N,N,N,,,MILLENNIALS_GEN_Y,N,Y,N,Y,1,R,,,2015-12-14 12:23:00,2015-12-14 11:01:00,PRIVATE_SECTOR,SEVDA,AZ,IDENTITY_CARD,,AZ,,2013-08-15,2021-01-13,"QUBA, BABEK PROSPEKTI, EV 200, MEN 97",,,SULEYMANOV SEVDA,N,2015-12,,N,N,N,N,N,N,N,N,N,N,N,N,N,"LENKERAN, BABEK PROSPEKTI, EV 101, MEN 100",AZER TELECOM MMC,O,N,2026-06-21,,N,RETAIL,SULEYMANSEVD,,FIZIKI,SMS,"QUBA, NIZAMI KUCHESI, EV 231, MEN 130",,,2026-06-21,N,MASS,,Y,Y,SULEYMANOV SEVDA,,,,STANDARD,,,N,AZERBAIJAN,,
100000035,4001373,447TEQK,AZE95053496,,I,INDIVIDUAL,Jafarov Aysu Elman QIZI,Aysu,Jafarov,Elman QIZI,F,1969-04-17,BAKI,M,AZ,LOAN,2007-04-25,089,N,CIVIL SERVANT,5011176,NORTH CONSTRUCTION MMC,N,N,N,,,GEN_X,N,N,N,Y,3,R,,,2007-04-25 12:02:00,2007-04-25 11:48:00,PRIVATE_SECTOR,AYSU,AZ,IDENTITY_CARD,,AZ,,2010-01-01,2018-03-20,"BAKI, ATATURK PROSPEKTI, EV 37, MEN 48",,,JAFAROV AYSU,N,2007-04,,N,N,N,N,N,N,N,N,N,N,N,N,N,"SIRVAN, AZADLIQ PROSPEKTI, EV 39, MEN 142",NORTH CONSTRUCTION MMC,O,N,2026-06-21,,N,RETAIL,JAFAROVAYSU,,FIZIKI,EMAIL,"BAKI, ATATURK PROSPEKTI, EV 226, MEN 17",,,2026-06-21,N,MASS,,Y,Y,JAFAROV AYSU,,,,STANDARD,,,N,AZERBAIJAN,,
100000036,4010713,1VTFF5P,AZE94469360,,I,INDIVIDUAL,Hajiyeva Samir Vugar OGLU,Samir,Hajiyeva,Vugar OGLU,M,1998-06-07,SUMQAYIT,S,AZ,SALARY,2021-08-07,056,N,TECHNICIAN,,CITY EDUCATION CENTER,N,N,N,,K. Huseynov,GEN_Z,Y,Y,N,Y,2,R,,,2021-08-07 12:14:00,2021-08-07 11:17:00,SELF_EMPLOYED,SAMIR,AZ,IDENTITY_CARD,,AZ,,2017-11-02,2026-03-01,"SUMQAYIT, SULEYMAN RUSTEM KUCHESI, EV 45, MEN 135",,,HAJIYEVA SAMIR,N,2021-08,,N,N,N,N,N,N,N,N,N,N,N,N,N,"SUMQAYIT, SULEYMAN RUSTEM KUCHESI, EV 206, MEN 128",CITY EDUCATION CENTER,O,N,2026-06-21,,N,RETAIL,HAJIYEVASAMI,,FIZIKI,MOBILE_APP,"SUMQAYIT, TBLISI PROSPEKTI, EV 64, MEN 77",,,2026-06-21,N,AFFLUENT,,Y,Y,HAJIYEVA SAMIR,,,,PREMIUM,,,N,AZERBAIJAN,,
100000037,4006692,6Q81AAE,AZE65113033,,I,RETAIL,Hajiyeva Rovshan Nazim OGLU,Rovshan,Hajiyeva,Nazim OGLU,M,1996-08-02,NAXCIVAN,S,AZ,SALARY,2016-12-05,015,N,CIVIL SERVANT,5028201,AZER TELECOM MMC,N,N,N,,,MILLENNIALS_GEN_Y,N,Y,N,Y,4,R,,,2016-12-05 12:28:00,2016-12-05 11:08:00,PUBLIC_SECTOR,ROVSHAN,AZ,IDENTITY_CARD,,AZ,,2014-01-24,2022-07-16,"NAXCIVAN, AZADLIQ PROSPEKTI, EV 43, MEN 91",,,HAJIYEVA ROVSHAN,N,2016-12,,N,N,N,N,N,N,N,N,N,N,N,N,N,"GANCA, ATATURK PROSPEKTI, EV 164, MEN 10",AZER TELECOM MMC,O,N,2026-06-21,,N,RETAIL,HAJIYEVAROVS,,FIZIKI,MOBILE_APP,"NAXCIVAN, AZADLIQ PROSPEKTI, EV 185, MEN 4",,,2026-06-21,N,MASS,,Y,Y,HAJIYEVA ROVSHAN,,,,STANDARD,,,N,AZERBAIJAN,,
100000038,4012375,80LBS2E,AZE75750242,,I,INDIVIDUAL,Asgarov Nihad Nazim OGLU,Nihad,Asgarov,Nazim OGLU,M,1993-04-01,LENKERAN,M,AZ,ABBM,2016-09-22,001,N,CIVIL SERVANT,,TECH SOLUTIONS MMC,N,N,N,,,MILLENNIALS_GEN_Y,N,N,N,Y,2,R,,,2016-09-22 12:16:00,2016-09-22 11:20:00,PUBLIC_SECTOR,NIHAD,AZ,IDENTITY_CARD,,AZ,,2014-11-14,2024-08-12,"LENKERAN, XETAI PROSPEKTI, EV 102, MEN 71",,,ASGAROV NIHAD,N,2016-09,,N,N,N,N,N,N,N,N,N,N,N,N,N,"QABALA, ATATURK PROSPEKTI, EV 220, MEN 102",TECH SOLUTIONS MMC,O,N,2026-06-21,,N,RETAIL,ASGAROVNIHA,,FIZIKI,EMAIL,"LENKERAN, ATATURK PROSPEKTI, EV 198, MEN 104",,,2026-06-21,N,MASS,,Y,Y,ASGAROV NIHAD,,,,STANDARD,,,N,AZERBAIJAN,,
100000039,4009736,,,9982738249,C,CORPORATE,Azer Tourism MMC 0009,,,,,,,,,BUSINESS,2021-04-25,007,N,LEGAL_ENTITY,,,N,N,N,33,N. Ibrahimova,,N,,,Y,1,R,RM1002,GRP0063,2021-04-25 12:00:00,2021-04-25 11:00:00,LEGAL_ENTITY,AZERTOURISMMMC0009,AZ,TAX_CERTIFICATE,,AZ,,,,"NAXCIVAN, NIZAMI KUCHESI, EV 174, MEN 57",,,AZER TOURISM MMC 0009,N,2021-04,,N,N,N,N,N,N,N,N,N,N,N,N,N,"NAXCIVAN, XETAI PROSPEKTI, EV 56, MEN 45",Azer Tourism MMC 0009,O,N,2026-06-21,LEGAL_ENTITY,N,CORP,AZER TOURISM MMC 000,,KORP,EMAIL,"NAXCIVAN, XETAI PROSPEKTI, EV 121, MEN 113","NAXCIVAN, HEYDER ELIYEV PROSPEKTI, EV 45, MEN 52",AZ,2026-06-21,N,SME,,Y,Y,,,2015-04-20,GRP_0013,STANDARD,LR9664,,N,AZERBAIJAN,,
100000040,4014356,8WNSCYB,AZE50952182,,I,INDIVIDUAL OWNER,Safarov Narmin Vugar QIZI,Narmin,Safarov,Vugar QIZI,F,1964-04-16,SIRVAN,M,AZ,SALARY,2006-01-27,118,N,TECHNICIAN,,FINANCE CONSULTING MMC,N,N,N,,,BABY_BOOMERS,N,Y,N,Y,2,R,,,2006-01-27 12:45:00,2006-01-27 11:32:00,SELF_EMPLOYED,NARMIN,AZ,IDENTITY_CARD,,AZ,,2010-01-01,2018-06-17,"SIRVAN, SULEYMAN RUSTEM KUCHESI, EV 31, MEN 80",,,SAFAROV NARMIN,N,2006-01,,N,N,N,N,N,N,N,N,N,N,N,N,N,"MINGECEVIR, ATATURK PROSPEKTI, EV 178, MEN 47",FINANCE CONSULTING MMC,O,N,2026-06-21,,N,RETAIL,SAFAROVNARM,,FIZIKI,MOBILE_APP,"SIRVAN, NIZAMI KUCHESI, EV 107, MEN 17",,,2026-06-21,N,MASS,,Y,Y,SAFAROV NARMIN,,,,STANDARD,,,N,AZERBAIJAN,,
100000041,4001951,6DUT6JR,AZE70932966,,I,INDIVIDUAL,Aliyev Turan Tahir QIZI,Turan,Aliyev,Tahir QIZI,F,1988-02-13,LENKERAN,S,AZ,SALARY,2012-12-17,015,N,ANALYST,5016636,REGIONAL TRADE MMC,N,N,N,,A. Mammadov,MILLENNIALS_GEN_Y,Y,Y,N,Y,2,R,,,2012-12-17 12:18:00,2012-12-17 11:11:00,PRIVATE_SECTOR,TURAN,AZ,IDENTITY_CARD,,AZ,,2012-03-20,2020-08-12,"LENKERAN, TBLISI PROSPEKTI, EV 207, MEN 87",,,ALIYEV TURAN,N,2012-12,,N,N,N,N,N,N,N,N,N,N,N,N,N,"MASALLI, XETAI PROSPEKTI, EV 132, MEN 48",REGIONAL TRADE MMC,O,N,2026-06-21,,N,RETAIL,ALIYEVTURA,,FIZIKI,EMAIL,"LENKERAN, HEYDER ELIYEV PROSPEKTI, EV 229, MEN 45",,,2026-06-21,N,AFFLUENT,,Y,Y,ALIYEV TURAN,,,,PREMIUM,,,N,AZERBAIJAN,,
100000042,4010272,8NRD4VP,AZE66715652,,I,INDIVIDUAL,Aghayev Sabina Elman QIZI,Sabina,Aghayev,Elman QIZI,F,1969-01-23,QUBA,S,AZ,SALARY,2016-04-19,031,N,SALES SPECIALIST,,AZER TELECOM MMC,N,N,N,,,GEN_X,N,Y,N,Y,2,R,,,2016-04-19 12:21:00,2016-04-19 11:22:00,PRIVATE_SECTOR,SABINA,AZ,IDENTITY_CARD,,AZ,,2013-03-09,2021-02-08,"QUBA, XETAI PROSPEKTI, EV 217, MEN 120",,,AGHAYEV SABINA,N,2016-04,,N,N,N,N,N,N,N,N,N,N,N,N,N,"MINGECEVIR, BABEK PROSPEKTI, EV 108, MEN 140",AZER TELECOM MMC,O,N,2026-06-21,,N,RETAIL,AGHAYEVSABI,,FIZIKI,EMAIL,"QUBA, BABEK PROSPEKTI, EV 64, MEN 66",,,2026-06-21,N,MASS,,Y,Y,AGHAYEV SABINA,,,,STANDARD,,,N,AZERBAIJAN,,
100000043,4014103,54S5B4A,AZE18955075,,I,INDIVIDUAL OWNER,Aghayev Tural Samad OGLU,Tural,Aghayev,Samad OGLU,M,1996-03-03,MASALLI,M,AZ,SALARY,2018-11-21,042,N,MANAGER,,BAKU RETAIL MMC,N,N,N,,,MILLENNIALS_GEN_Y,N,Y,N,Y,3,R,,,2018-11-21 12:56:00,2018-11-21 11:46:00,SELF_EMPLOYED,TURAL,AZ,IDENTITY_CARD,,AZ,,2017-04-13,2024-07-18,"MASALLI, SULEYMAN RUSTEM KUCHESI, EV 165, MEN 107",,,AGHAYEV TURAL,N,2018-11,,N,N,N,N,N,N,N,N,N,N,N,N,N,"SEKI, ATATURK PROSPEKTI, EV 175, MEN 120",BAKU RETAIL MMC,O,N,2026-06-21,,N,RETAIL,AGHAYEVTURA,,FIZIKI,MOBILE_APP,"MASALLI, NIZAMI KUCHESI, EV 209, MEN 79",,,2026-06-21,N,MASS,,Y,Y,AGHAYEV TURAL,,,,STANDARD,,,N,AZERBAIJAN,,
100000044,4001370,2RTZ5XU,AZE82764157,,I,RETAIL,Ismayilov Teymur Elman OGLU,Teymur,Ismayilov,Elman OGLU,M,1982-10-14,QUBA,S,AZ,LOAN,2017-09-18,071,N,DRIVER,,MEDICAL SERVICE MMC,N,N,N,,N. Ibrahimova,MILLENNIALS_GEN_Y,Y,N,N,Y,1,R,,,2017-09-18 12:05:00,2017-09-18 11:15:00,PUBLIC_SECTOR,TEYMUR,AZ,IDENTITY_CARD,,AZ,,2016-08-30,2024-01-15,"QUBA, XETAI PROSPEKTI, EV 154, MEN 143",,,ISMAYILOV TEYMUR,N,2017-09,,N,N,N,N,N,N,N,N,N,N,N,N,N,"ZAGATALA, AZADLIQ PROSPEKTI, EV 218, MEN 120",MEDICAL SERVICE MMC,O,N,2026-06-21,,N,RETAIL,ISMAYILOTEYM,,FIZIKI,MOBILE_APP,"QUBA, TBLISI PROSPEKTI, EV 89, MEN 57",,,2026-06-21,N,AFFLUENT,,Y,Y,ISMAYILOV TEYMUR,,,,PREMIUM,,,N,AZERBAIJAN,,
100000045,4014088,1GQYZKN,AZE57998914,,I,INDIVIDUAL,Mammadov Elvin Adil OGLU,Elvin,Mammadov,Adil OGLU,M,1958-06-19,YEVLAX,M,AZ,SALARY,2020-02-15,201,N,IT SPECIALIST,5000434,BAKU RETAIL MMC,N,N,N,,,BABY_BOOMERS,N,Y,N,Y,4,R,,,2020-02-15 12:33:00,2020-02-15 11:19:00,PRIVATE_SECTOR,ELVIN,AZ,IDENTITY_CARD,,AZ,,2020-01-25,2029-08-06,"YEVLAX, NIZAMI KUCHESI, EV 13, MEN 60",,,MAMMADOV ELVIN,N,2020-02,,N,N,N,N,N,N,N,N,N,N,N,N,N,"NAXCIVAN, ATATURK PROSPEKTI, EV 111, MEN 112",BAKU RETAIL MMC,O,N,2026-06-21,,N,RETAIL,MAMMADOVELVI,,FIZIKI,SMS,"YEVLAX, NIZAMI KUCHESI, EV 185, MEN 27",,,2026-06-21,N,MASS,,Y,Y,MAMMADOV ELVIN,,,,STANDARD,,,N,AZERBAIJAN,,
100000046,4013173,60N51Z9,AZE33590510,,I,RETAIL,Mammadov Aqil Nazim OGLU,Aqil,Mammadov,Nazim OGLU,M,1951-08-04,SUMQAYIT,M,AZ,CARD,2021-06-01,145,N,ENTREPRENEUR,,REGIONAL TRADE MMC,N,N,N,,,BABY_BOOMERS,N,N,N,Y,3,R,,,2021-06-01 12:01:00,2021-06-01 11:32:00,PRIVATE_SECTOR,AQIL,AZ,IDENTITY_CARD,,AZ,,2020-05-18,2028-03-05,"SUMQAYIT, HEYDER ELIYEV PROSPEKTI, EV 65, MEN 115",,,MAMMADOV AQIL,N,2021-06,,N,N,N,N,N,N,N,N,N,N,N,N,N,"ZAGATALA, ATATURK PROSPEKTI, EV 77, MEN 24",REGIONAL TRADE MMC,O,N,2026-06-21,,N,RETAIL,MAMMADOVAQIL,,FIZIKI,MOBILE_APP,"SUMQAYIT, ATATURK PROSPEKTI, EV 42, MEN 49",,,2026-06-21,N,MASS,,Y,Y,MAMMADOV AQIL,,,,STANDARD,,,N,AZERBAIJAN,,
100000047,4004811,,,4575891452,C,SME/C,North Manufacturing MMC 0010,,,,,,,,,BUSINESS,2017-12-27,071,N,LEGAL_ENTITY,,,N,N,N,14,K. Huseynov,,N,,,Y,4,R,RM1009,GRP0286,2017-12-27 12:00:00,2017-12-27 11:00:00,LEGAL_ENTITY,NORTHMANUFACTURINGMM,AZ,TAX_CERTIFICATE,,AZ,,,,"GANCA, HEYDER ELIYEV PROSPEKTI, EV 20, MEN 14",,,NORTH MANUFACTURING MMC 0010,N,2017-12,,N,N,N,N,N,N,N,N,N,N,N,N,N,"GANCA, TBLISI PROSPEKTI, EV 138, MEN 80",North Manufacturing MMC 0010,O,N,2026-06-21,LEGAL_ENTITY,N,CORP,NORTH MANUFACTURING ,,KORP,EMAIL,"GANCA, BABEK PROSPEKTI, EV 194, MEN 124","GANCA, TBLISI PROSPEKTI, EV 209, MEN 108",AZ,2026-06-21,N,SME,,Y,Y,,,2003-05-14,GRP_0039,STANDARD,LR6908,,N,AZERBAIJAN,,
100000048,4004969,,,6584166212,C,CORPORATE,Khazar Trade MMC 0011,,,,,,,,,BUSINESS,2019-10-23,268,N,LEGAL_ENTITY,,,N,N,N,80,L. Aliyeva,,Y,,,Y,2,R,RM1002,GRP0030,2019-10-23 12:00:00,2019-10-23 11:00:00,LEGAL_ENTITY,KHAZARTRADEMMC0011,AZ,TAX_CERTIFICATE,,AZ,,,,"NAXCIVAN, TBLISI PROSPEKTI, EV 234, MEN 74",,,KHAZAR TRADE MMC 0011,N,2019-10,,N,N,N,N,N,N,N,N,N,N,N,N,N,"NAXCIVAN, XETAI PROSPEKTI, EV 184, MEN 112",Khazar Trade MMC 0011,O,N,2026-06-21,LEGAL_ENTITY,N,CORP,KHAZAR TRADE MMC 001,,KORP,SMS,"NAXCIVAN, TBLISI PROSPEKTI, EV 112, MEN 60","NAXCIVAN, XETAI PROSPEKTI, EV 64, MEN 109",AZ,2026-06-21,N,SME,,Y,Y,,,2016-11-09,GRP_0019,PREMIUM,LR6387,,N,AZERBAIJAN,,
100000049,4002494,1EDXD5P,AZE66601172,,I,RETAIL,Huseynov Aysu Vugar QIZI,Aysu,Huseynov,Vugar QIZI,F,1967-05-11,GANCA,M,AZ,SALARY,2010-07-18,089,N,ACCOUNTANT,,CITY EDUCATION CENTER,N,N,N,,,GEN_X,N,Y,N,Y,3,R,,,2010-07-18 12:49:00,2010-07-18 11:13:00,SELF_EMPLOYED,AYSU,AZ,IDENTITY_CARD,,AZ,,2010-03-04,2019-02-23,"GANCA, ATATURK PROSPEKTI, EV 123, MEN 109",,,HUSEYNOV AYSU,N,2010-07,,N,N,N,N,N,N,N,N,N,N,N,N,N,"GANCA, XETAI PROSPEKTI, EV 90, MEN 37",CITY EDUCATION CENTER,O,N,2026-06-21,,N,RETAIL,HUSEYNOVAYSU,,FIZIKI,SMS,"GANCA, NIZAMI KUCHESI, EV 22, MEN 126",,,2026-06-21,N,MASS,,Y,Y,HUSEYNOV AYSU,,,,STANDARD,,,N,AZERBAIJAN,,
100000050,4012875,,,1544720606,C,SME/C,North Agriculture ASC 0012,,,,,,,,,BUSINESS,2011-04-23,015,N,LEGAL_ENTITY,,,N,N,N,31,A. Mammadov,,N,,,Y,4,R,RM1007,GRP0162,2011-04-23 12:00:00,2011-04-23 11:00:00,LEGAL_ENTITY,NORTHAGRICULTUREASC0,AZ,TAX_CERTIFICATE,,AZ,,,,"ZAGATALA, AZADLIQ PROSPEKTI, EV 221, MEN 142",,,NORTH AGRICULTURE ASC 0012,N,2011-04,,N,N,N,N,N,N,N,N,N,N,N,N,N,"ZAGATALA, NIZAMI KUCHESI, EV 150, MEN 127",North Agriculture ASC 0012,O,N,2026-06-21,LEGAL_ENTITY,N,CORP,NORTH AGRICULTURE AS,,KORP,MOBILE_APP,"ZAGATALA, TBLISI PROSPEKTI, EV 97, MEN 108","ZAGATALA, HEYDER ELIYEV PROSPEKTI, EV 19, MEN 46",AZ,2026-06-21,N,SME,,Y,Y,,,2005-03-16,GRP_0238,STANDARD,LR6149,,N,AZERBAIJAN,,
100000051,4003532,,,9005729211,C,CORPORATE,North Logistics ASC 0013,,,,,,,,,BUSINESS,2020-04-27,007,N,LEGAL_ENTITY,,,N,N,N,193,S. Rahimova,,N,,,Y,2,R,RM1002,GRP0043,2020-04-27 12:00:00,2020-04-27 11:00:00,LEGAL_ENTITY,NORTHLOGISTICSASC001,AZ,TAX_CERTIFICATE,,AZ,,,,"GANCA, BABEK PROSPEKTI, EV 138, MEN 40",,,NORTH LOGISTICS ASC 0013,N,2020-04,,N,N,N,N,N,N,N,N,N,N,N,N,N,"GANCA, SULEYMAN RUSTEM KUCHESI, EV 97, MEN 98",North Logistics ASC 0013,O,N,2026-06-21,LEGAL_ENTITY,N,CORP,NORTH LOGISTICS ASC ,,KORP,SMS,"GANCA, HEYDER ELIYEV PROSPEKTI, EV 234, MEN 71","GANCA, HEYDER ELIYEV PROSPEKTI, EV 60, MEN 24",AZ,2026-06-21,N,SME,,Y,Y,,,2019-10-23,GRP_0295,STANDARD,LR8752,,N,AZERBAIJAN,,
100000052,4002007,7UABNG4,AZE98811287,,I,INDIVIDUAL,Safarov Orkhan Farhad OGLU,Orkhan,Safarov,Farhad OGLU,M,1986-09-07,GANCA,M,AZ,LOAN,2017-10-16,118,N,TECHNICIAN,5032011,FINANCE CONSULTING MMC,N,N,N,,,MILLENNIALS_GEN_Y,N,N,N,Y,4,R,,,2017-10-16 12:24:00,2017-10-16 11:23:00,PRIVATE_SECTOR,ORKHAN,AZ,IDENTITY_CARD,,AZ,,2015-10-16,2024-12-10,"GANCA, SULEYMAN RUSTEM KUCHESI, EV 101, MEN 42",,,SAFAROV ORKHAN,N,2017-10,,N,N,N,N,N,N,N,N,N,N,N,N,N,"NAXCIVAN, NIZAMI KUCHESI, EV 248, MEN 117",FINANCE CONSULTING MMC,O,N,2026-06-21,,N,RETAIL,SAFAROVORKH,,FIZIKI,MOBILE_APP,"GANCA, BABEK PROSPEKTI, EV 54, MEN 108",,,2026-06-21,N,MASS,,Y,Y,SAFAROV ORKHAN,,,,STANDARD,,,N,AZERBAIJAN,,
100000053,4007740,,,7881439663,B,BANK,Caspian Bank ASC 001,,,,,,,,,CORRESPONDENT,2019-09-16,042,N,BANK,,,N,N,N,2271,L. Aliyeva,,Y,,,Y,4,R,RM1007,BNK001,2019-09-16 12:00:00,2019-09-16 11:00:00,BANK,CASPIANBANKASC001,AZ,BANK_LICENSE,,AZ,,,,"BAKI, HEYDER ELIYEV PROSPEKTI, EV 16, MEN 26",,,CASPIAN BANK ASC 001,N,2019-09,,N,N,N,N,N,N,N,N,N,N,N,N,N,"BAKI, XETAI PROSPEKTI, EV 92, MEN 100",Caspian Bank ASC 001,O,N,2026-06-21,FINANCIAL_INSTITUTION,N,BANK,CASPIAN BANK ASC 001,AZEBAZ22,BANK,SMS,"BAKI, XETAI PROSPEKTI, EV 174, MEN 134","BAKI, NIZAMI KUCHESI, EV 228, MEN 126",AZ,2026-06-21,N,BANK,,Y,Y,,,1997-07-14,,PREMIUM,LR1801,,N,AZERBAIJAN,,
100000054,4013598,6LJXSDS,AZE48598490,,I,RETAIL,Aghayev Teymur Farhad OGLU,Teymur,Aghayev,Farhad OGLU,M,1979-09-30,SIRVAN,M,AZ,SALARY,2008-01-20,071,N,CIVIL SERVANT,5040920,CITY EDUCATION CENTER,N,N,N,,R. Hasanov,GEN_X,Y,Y,N,Y,3,R,,,2008-01-20 12:03:00,2008-01-20 11:50:00,PUBLIC_SECTOR,TEYMUR,AZ,IDENTITY_CARD,,AZ,,2010-01-01,2018-04-30,"SIRVAN, NIZAMI KUCHESI, EV 123, MEN 76",,,AGHAYEV TEYMUR,N,2008-01,,N,N,N,N,N,N,N,N,N,N,N,N,N,"QUBA, HEYDER ELIYEV PROSPEKTI, EV 108, MEN 71",CITY EDUCATION CENTER,O,N,2026-06-21,,N,RETAIL,AGHAYEVTEYM,,FIZIKI,MOBILE_APP,"SIRVAN, NIZAMI KUCHESI, EV 60, MEN 97",,,2026-06-21,N,AFFLUENT,,Y,Y,AGHAYEV TEYMUR,,,,PREMIUM,,,N,AZERBAIJAN,,
100000055,4002975,3LAKTEE,AZE74276100,,I,INDIVIDUAL,Ibrahimov Rena Farhad QIZI,Rena,Ibrahimov,Farhad QIZI,F,1966-03-12,BAKI,W,AZ,ABBM,2022-01-06,268,N,LAWYER,5016103,MEDICAL SERVICE MMC,N,N,N,,,GEN_X,N,N,N,Y,4,R,,,2022-01-06 12:33:00,2022-01-06 11:49:00,PRIVATE_SECTOR,RENA,AZ,IDENTITY_CARD,,AZ,,2021-05-11,2029-07-12,"BAKI, ATATURK PROSPEKTI, EV 139, MEN 8",,,IBRAHIMOV RENA,N,2022-01,,N,N,N,N,N,N,N,N,N,N,N,N,N,"SIRVAN, BABEK PROSPEKTI, EV 141, MEN 74",MEDICAL SERVICE MMC,O,N,2026-06-21,,N,RETAIL,IBRAHIMORENA,,FIZIKI,MOBILE_APP,"BAKI, TBLISI PROSPEKTI, EV 17, MEN 122",,,2026-06-21,N,MASS,,Y,Y,IBRAHIMOV RENA,,,,STANDARD,,,N,AZERBAIJAN,,
100000056,4005231,,,3739760884,C,CORPORATE,Green Consulting MMC 0014,,,,,,,,,BUSINESS,2019-08-23,071,N,LEGAL_ENTITY,,,N,N,N,146,N. Ibrahimova,,N,,,Y,3,R,RM1004,GRP0283,2019-08-23 12:00:00,2019-08-23 11:00:00,LEGAL_ENTITY,GREENCONSULTINGMMC00,AZ,TAX_CERTIFICATE,,AZ,,,,"LENKERAN, HEYDER ELIYEV PROSPEKTI, EV 187, MEN 26",,,GREEN CONSULTING MMC 0014,N,2019-08,,N,N,N,N,N,N,N,N,N,N,N,N,N,"LENKERAN, XETAI PROSPEKTI, EV 135, MEN 115",Green Consulting MMC 0014,O,N,2026-06-21,LEGAL_ENTITY,N,CORP,GREEN CONSULTING MMC,,KORP,MOBILE_APP,"LENKERAN, BABEK PROSPEKTI, EV 138, MEN 119","LENKERAN, ATATURK PROSPEKTI, EV 199, MEN 37",AZ,2026-06-21,N,SME,,Y,Y,,,2018-12-07,GRP_0061,STANDARD,LR2224,,N,AZERBAIJAN,,
100000057,4001661,7HQHJ39,AZE95600760,,I,INDIVIDUAL,Ismayilov Teymur Camil OGLU,Teymur,Ismayilov,Camil OGLU,M,1958-05-29,QABALA,M,AZ,SALARY,2018-11-26,015,N,TEACHER,5041595,REGIONAL TRADE MMC,N,N,N,,,BABY_BOOMERS,N,Y,N,Y,2,R,,,2018-11-26 12:55:00,2018-11-26 11:05:00,PUBLIC_SECTOR,TEYMUR,AZ,IDENTITY_CARD,,AZ,,2013-11-10,2023-09-29,"QABALA, TBLISI PROSPEKTI, EV 197, MEN 51",,,ISMAYILOV TEYMUR,N,2018-11,,N,N,N,N,N,N,N,N,N,N,N,N,N,"SEKI, BABEK PROSPEKTI, EV 99, MEN 110",REGIONAL TRADE MMC,O,N,2026-06-21,,N,RETAIL,ISMAYILOTEYM,,FIZIKI,MOBILE_APP,"QABALA, AZADLIQ PROSPEKTI, EV 37, MEN 119",,,2026-06-21,N,MASS,,Y,Y,ISMAYILOV TEYMUR,,,,STANDARD,,,N,AZERBAIJAN,,
100000058,4014111,4RZ4G3T,AZE41217777,,I,RETAIL,Rzayev Emil Farhad OGLU,Emil,Rzayev,Farhad OGLU,M,1994-11-25,BAKI,S,AZ,LOAN,2015-02-11,056,N,ANALYST,,TECH SOLUTIONS MMC,N,N,N,,,MILLENNIALS_GEN_Y,N,N,N,Y,4,R,,,2015-02-11 12:34:00,2015-02-11 11:35:00,SELF_EMPLOYED,EMIL,AZ,IDENTITY_CARD,,AZ,,2014-04-09,2023-09-02,"BAKI, TBLISI PROSPEKTI, EV 55, MEN 143",,,RZAYEV EMIL,N,2015-02,,N,N,N,N,N,N,N,N,N,N,N,N,N,"GANCA, XETAI PROSPEKTI, EV 42, MEN 118",TECH SOLUTIONS MMC,O,N,2026-06-21,,N,RETAIL,RZAYEVEMIL,,FIZIKI,EMAIL,"BAKI, TBLISI PROSPEKTI, EV 169, MEN 60",,,2026-06-21,N,MASS,,Y,Y,RZAYEV EMIL,,,,STANDARD,,,N,AZERBAIJAN,,
100000059,4000085,3508PGV,AZE16883178,,I,INDIVIDUAL,Nabiyev Tural Adil OGLU,Tural,Nabiyev,Adil OGLU,M,1965-12-29,QABALA,S,AZ,LOAN,2014-11-25,015,N,ANALYST,,TECH SOLUTIONS MMC,N,N,N,,,GEN_X,N,N,N,Y,1,R,,,2014-11-25 12:35:00,2014-11-25 11:35:00,PUBLIC_SECTOR,TURAL,AZ,IDENTITY_CARD,,AZ,,2010-05-17,2018-11-10,"QABALA, NIZAMI KUCHESI, EV 230, MEN 144",,,NABIYEV TURAL,N,2014-11,,N,N,N,N,N,N,N,N,N,N,N,N,N,"GANCA, SULEYMAN RUSTEM KUCHESI, EV 23, MEN 75",TECH SOLUTIONS MMC,O,N,2026-06-21,,N,RETAIL,NABIYEVTURA,,FIZIKI,MOBILE_APP,"QABALA, HEYDER ELIYEV PROSPEKTI, EV 176, MEN 5",,,2026-06-21,N,MASS,,Y,Y,NABIYEV TURAL,,,,STANDARD,,,N,AZERBAIJAN,,
100000060,4001276,2QAMEAC,AZE49949250,,I,INDIVIDUAL,Rahimov Laman Rauf QIZI,Laman,Rahimov,Rauf QIZI,F,1950-06-22,BAKI,M,AZ,LOAN,2016-03-26,071,N,ACCOUNTANT,,CASPIAN LOGISTICS MMC,N,N,N,,,BABY_BOOMERS,N,N,N,Y,2,R,,,2016-03-26 12:56:00,2016-03-26 11:17:00,SELF_EMPLOYED,LAMAN,AZ,IDENTITY_CARD,,AZ,,2012-03-10,2020-01-19,"BAKI, BABEK PROSPEKTI, EV 59, MEN 142",,,RAHIMOV LAMAN,N,2016-03,,N,N,N,N,N,N,N,N,N,N,N,N,N,"SUMQAYIT, BABEK PROSPEKTI, EV 141, MEN 111",CASPIAN LOGISTICS MMC,O,N,2026-06-21,,N,RETAIL,RAHIMOVLAMA,,FIZIKI,EMAIL,"BAKI, XETAI PROSPEKTI, EV 172, MEN 130",,,2026-06-21,N,MASS,,Y,Y,RAHIMOV LAMAN,,,,STANDARD,,,N,AZERBAIJAN,,
100000061,4006128,7XDD4Z8,AZE85500896,,I,RETAIL,Suleymanov Arzu Samad QIZI,Arzu,Suleymanov,Samad QIZI,F,1989-06-06,YEVLAX,S,AZ,LOAN,2012-06-08,268,N,LAWYER,,TECH SOLUTIONS MMC,N,N,N,,,MILLENNIALS_GEN_Y,N,N,N,Y,3,R,,,2012-06-08 12:49:00,2012-06-08 11:41:00,SELF_EMPLOYED,ARZU,AZ,IDENTITY_CARD,,AZ,,2012-06-02,2021-06-12,"YEVLAX, SULEYMAN RUSTEM KUCHESI, EV 117, MEN 2",,,SULEYMANOV ARZU,N,2012-06,,N,N,N,N,N,N,N,N,N,N,N,N,N,"SUMQAYIT, NIZAMI KUCHESI, EV 83, MEN 30",TECH SOLUTIONS MMC,O,N,2026-06-21,,N,RETAIL,SULEYMANARZU,,FIZIKI,SMS,"YEVLAX, ATATURK PROSPEKTI, EV 162, MEN 49",,,2026-06-21,N,MASS,,Y,Y,SULEYMANOV ARZU,,,,STANDARD,,,N,AZERBAIJAN,,
100000062,4003536,7U9NPV0,AZE23964622,,I,RETAIL,Aliyev Fatima Samad QIZI,Fatima,Aliyev,Samad QIZI,F,1993-04-28,SAMAXI,M,AZ,SALARY,2025-12-12,022,N,DESIGNER,5012172,CITY EDUCATION CENTER,N,N,N,,,MILLENNIALS_GEN_Y,N,Y,N,Y,2,R,,,2025-12-12 12:17:00,2025-12-12 11:00:00,SELF_EMPLOYED,FATIMA,AZ,IDENTITY_CARD,,AZ,,2013-03-29,2022-07-12,"SAMAXI, AZADLIQ PROSPEKTI, EV 220, MEN 65",,,ALIYEV FATIMA,N,2025-12,,N,N,N,N,N,N,N,N,N,N,N,N,N,"SAMAXI, HEYDER ELIYEV PROSPEKTI, EV 68, MEN 145",CITY EDUCATION CENTER,O,N,2026-06-21,,N,RETAIL,ALIYEVFATI,,FIZIKI,EMAIL,"SAMAXI, SULEYMAN RUSTEM KUCHESI, EV 75, MEN 127",,,2026-06-21,N,MASS,,Y,Y,ALIYEV FATIMA,,,,STANDARD,,,N,AZERBAIJAN,,
100000063,4000887,,,4974565255,C,SME/C,Khazar Trade ASC 0015,,,,,,,,,BUSINESS,2014-07-06,120,N,LEGAL_ENTITY,,,N,N,N,105,L. Aliyeva,,N,,,Y,3,R,RM1007,GRP0251,2014-07-06 12:00:00,2014-07-06 11:00:00,LEGAL_ENTITY,KHAZARTRADEASC0015,AZ,TAX_CERTIFICATE,,AZ,,,,"SIRVAN, AZADLIQ PROSPEKTI, EV 126, MEN 88",,,KHAZAR TRADE ASC 0015,N,2014-07,,N,N,N,N,N,N,N,N,N,N,N,N,N,"SIRVAN, BABEK PROSPEKTI, EV 186, MEN 65",Khazar Trade ASC 0015,O,N,2026-06-21,LEGAL_ENTITY,N,CORP,KHAZAR TRADE ASC 001,,KORP,SMS,"SIRVAN, TBLISI PROSPEKTI, EV 201, MEN 96","SIRVAN, ATATURK PROSPEKTI, EV 65, MEN 45",AZ,2026-06-21,N,SME,,Y,Y,,,2007-02-18,GRP_0064,STANDARD,LR3028,,N,AZERBAIJAN,,
100000064,4006410,58BZKRL,AZE26532645,,I,INDIVIDUAL,Nabiyev Rovshan Vugar OGLU,Rovshan,Nabiyev,Vugar OGLU,M,1995-09-20,SEKI,M,AZ,ABBM,2013-09-29,168,N,LAWYER,,AZER TELECOM MMC,N,N,N,,,MILLENNIALS_GEN_Y,N,N,N,Y,2,R,,,2013-09-29 12:36:00,2013-09-29 11:49:00,PRIVATE_SECTOR,ROVSHAN,AZ,IDENTITY_CARD,,AZ,,2013-06-16,2022-01-01,"SEKI, AZADLIQ PROSPEKTI, EV 229, MEN 76",,,NABIYEV ROVSHAN,N,2013-09,,N,N,N,N,N,N,N,N,N,N,N,N,N,"SIRVAN, TBLISI PROSPEKTI, EV 171, MEN 97",AZER TELECOM MMC,O,N,2026-06-21,,N,RETAIL,NABIYEVROVS,,FIZIKI,EMAIL,"SEKI, XETAI PROSPEKTI, EV 180, MEN 13",,,2026-06-21,N,MASS,,Y,Y,NABIYEV ROVSHAN,,,,STANDARD,,,N,AZERBAIJAN,,
100000065,4014096,7MH550F,AZE37695866,,I,RETAIL,Aliyev Kamran Farhad OGLU,Kamran,Aliyev,Farhad OGLU,M,1968-11-11,QABALA,D,AZ,ABBM,2009-09-01,118,N,ENTREPRENEUR,,REGIONAL TRADE MMC,N,N,N,,,GEN_X,N,N,N,Y,3,R,,,2009-09-01 12:27:00,2009-09-01 11:23:00,PUBLIC_SECTOR,KAMRAN,AZ,IDENTITY_CARD,,AZ,,2010-01-01,2019-03-04,"QABALA, HEYDER ELIYEV PROSPEKTI, EV 135, MEN 115",,,ALIYEV KAMRAN,N,2009-09,,N,N,N,N,N,N,N,N,N,N,N,N,N,"SUMQAYIT, HEYDER ELIYEV PROSPEKTI, EV 1, MEN 105",REGIONAL TRADE MMC,O,N,2026-06-21,,N,RETAIL,ALIYEVKAMR,,FIZIKI,SMS,"QABALA, NIZAMI KUCHESI, EV 63, MEN 39",,,2026-06-21,N,MASS,,Y,Y,ALIYEV KAMRAN,,,,STANDARD,,,N,AZERBAIJAN,,
100000066,4012448,3MSF8JC,AZE36182768,,I,INDIVIDUAL,Mammadov Turan Tahir QIZI,Turan,Mammadov,Tahir QIZI,F,1975-09-24,SEKI,M,AZ,ABBM,2015-01-19,268,N,IT SPECIALIST,,TECH SOLUTIONS MMC,N,N,N,,,GEN_X,N,N,N,Y,4,R,,,2015-01-19 12:05:00,2015-01-19 11:14:00,SELF_EMPLOYED,TURAN,AZ,IDENTITY_CARD,,AZ,,2010-06-10,2019-09-27,"SEKI, XETAI PROSPEKTI, EV 196, MEN 121",,,MAMMADOV TURAN,N,2015-01,,N,N,N,N,N,N,N,N,N,N,N,N,N,"GANCA, SULEYMAN RUSTEM KUCHESI, EV 13, MEN 148",TECH SOLUTIONS MMC,O,N,2026-06-21,,N,RETAIL,MAMMADOVTURA,,FIZIKI,MOBILE_APP,"SEKI, HEYDER ELIYEV PROSPEKTI, EV 57, MEN 93",,,2026-06-21,N,MASS,,Y,Y,MAMMADOV TURAN,,,,STANDARD,,,N,AZERBAIJAN,,
100000067,4010205,7UK16PL,AZE72229609,,I,INDIVIDUAL,Huseynov Rovshan Tahir OGLU,Rovshan,Huseynov,Tahir OGLU,M,1992-12-15,SAMAXI,M,AZ,SALARY,2014-04-14,120,N,MANAGER,5034204,FINANCE CONSULTING MMC,N,N,N,,,MILLENNIALS_GEN_Y,N,Y,N,Y,4,R,,,2014-04-14 12:41:00,2014-04-14 11:58:00,SELF_EMPLOYED,ROVSHAN,AZ,IDENTITY_CARD,,AZ,,2010-08-19,2018-07-07,"SAMAXI, BABEK PROSPEKTI, EV 181, MEN 141",,,HUSEYNOV ROVSHAN,N,2014-04,,N,N,N,N,N,N,N,N,N,N,N,N,N,"MINGECEVIR, NIZAMI KUCHESI, EV 104, MEN 126",FINANCE CONSULTING MMC,O,N,2026-06-21,,N,RETAIL,HUSEYNOVROVS,,FIZIKI,EMAIL,"SAMAXI, ATATURK PROSPEKTI, EV 91, MEN 56",,,2026-06-21,N,MASS,,Y,Y,HUSEYNOV ROVSHAN,,,,STANDARD,,,N,AZERBAIJAN,,
100000068,4005186,2SNSFFE,AZE67071813,,I,RETAIL,Rahimov Emil Nazim OGLU,Emil,Rahimov,Nazim OGLU,M,1957-03-22,MASALLI,M,AZ,SALARY,2011-08-18,042,N,DRIVER,5028602,CASPIAN LOGISTICS MMC,N,N,N,,R. Hasanov,BABY_BOOMERS,Y,Y,N,Y,2,R,,,2011-08-18 12:58:00,2011-08-18 11:15:00,PUBLIC_SECTOR,EMIL,AZ,IDENTITY_CARD,,AZ,,2010-09-30,2019-06-15,"MASALLI, TBLISI PROSPEKTI, EV 91, MEN 147",,,RAHIMOV EMIL,N,2011-08,,N,N,N,N,N,N,N,N,N,N,N,N,N,"ZAGATALA, HEYDER ELIYEV PROSPEKTI, EV 140, MEN 61",CASPIAN LOGISTICS MMC,O,N,2026-06-21,,N,RETAIL,RAHIMOVEMIL,,FIZIKI,SMS,"MASALLI, BABEK PROSPEKTI, EV 49, MEN 10",,,2026-06-21,N,AFFLUENT,,Y,Y,RAHIMOV EMIL,,,,PREMIUM,,,N,AZERBAIJAN,,
100000069,4008263,41SLQEJ,AZE74872569,,I,INDIVIDUAL,Safarov Rovshan Farhad OGLU,Rovshan,Safarov,Farhad OGLU,M,1997-09-17,NAXCIVAN,M,AZ,LOAN,2018-10-01,015,N,ANALYST,5027530,FINANCE CONSULTING MMC,N,N,N,,,GEN_Z,N,N,N,Y,2,R,,,2018-10-01 12:55:00,2018-10-01 11:53:00,PRIVATE_SECTOR,ROVSHAN,AZ,IDENTITY_CARD,,AZ,,2018-05-07,2026-01-16,"NAXCIVAN, SULEYMAN RUSTEM KUCHESI, EV 33, MEN 72",,,SAFAROV ROVSHAN,N,2018-10,,N,N,N,N,N,N,N,N,N,N,N,N,N,"QUBA, TBLISI PROSPEKTI, EV 112, MEN 131",FINANCE CONSULTING MMC,O,N,2026-06-21,,N,RETAIL,SAFAROVROVS,,FIZIKI,MOBILE_APP,"NAXCIVAN, TBLISI PROSPEKTI, EV 234, MEN 51",,,2026-06-21,N,MASS,,Y,Y,SAFAROV ROVSHAN,,,,STANDARD,,,N,AZERBAIJAN,,
100000070,4004973,40QB729,AZE42537050,,I,RETAIL,Hasanov Murad Farhad OGLU,Murad,Hasanov,Farhad OGLU,M,1956-01-21,SAMAXI,S,AZ,SALARY,2026-02-15,031,N,DRIVER,5026999,FINANCE CONSULTING MMC,N,N,N,,,BABY_BOOMERS,N,Y,N,Y,5,R,,,2026-02-15 12:46:00,2026-02-15 11:58:00,SELF_EMPLOYED,MURAD,AZ,IDENTITY_CARD,,AZ,,2015-05-23,2023-01-10,"SAMAXI, AZADLIQ PROSPEKTI, EV 75, MEN 12",,,HASANOV MURAD,N,2026-02,,N,N,N,N,N,N,N,N,N,N,N,N,N,"MASALLI, BABEK PROSPEKTI, EV 127, MEN 90",FINANCE CONSULTING MMC,O,N,2026-06-21,,N,RETAIL,HASANOVMURA,,FIZIKI,EMAIL,"SAMAXI, AZADLIQ PROSPEKTI, EV 57, MEN 17",,,2026-06-21,N,MASS,,Y,Y,HASANOV MURAD,,,,STANDARD,,,N,AZERBAIJAN,,
100000071,4004836,,,9002693885,C,SME/C,Silk Road Transport ASC 0016,,,,,,,,,BUSINESS,2020-11-18,007,N,LEGAL_ENTITY,,,N,N,N,185,S. Rahimova,,N,,,Y,1,R,RM1003,GRP0100,2020-11-18 12:00:00,2020-11-18 11:00:00,LEGAL_ENTITY,SILKROADTRANSPORTASC,AZ,TAX_CERTIFICATE,,AZ,,,,"NAXCIVAN, XETAI PROSPEKTI, EV 20, MEN 129",,,SILK ROAD TRANSPORT ASC 0016,N,2020-11,,N,N,N,N,N,N,N,N,N,N,N,N,N,"NAXCIVAN, AZADLIQ PROSPEKTI, EV 10, MEN 117",Silk Road Transport ASC 0016,O,N,2026-06-21,LEGAL_ENTITY,N,CORP,SILK ROAD TRANSPORT ,,KORP,MOBILE_APP,"NAXCIVAN, TBLISI PROSPEKTI, EV 188, MEN 50","NAXCIVAN, AZADLIQ PROSPEKTI, EV 198, MEN 72",AZ,2026-06-21,N,SME,,Y,Y,,,2020-07-12,GRP_0190,STANDARD,LR2777,,N,AZERBAIJAN,,
100000072,4003436,7UP31C2,AZE31314988,,I,RETAIL,Ibrahimov Murad Adil OGLU,Murad,Ibrahimov,Adil OGLU,M,1962-10-31,SUMQAYIT,M,AZ,SALARY,2019-12-11,118,N,CIVIL SERVANT,,TECH SOLUTIONS MMC,N,N,N,,,BABY_BOOMERS,N,Y,N,Y,1,R,,,2019-12-11 12:50:00,2019-12-11 11:07:00,SELF_EMPLOYED,MURAD,AZ,IDENTITY_CARD,,AZ,,2012-04-10,2019-10-30,"SUMQAYIT, HEYDER ELIYEV PROSPEKTI, EV 130, MEN 73",,,IBRAHIMOV MURAD,N,2019-12,,N,N,N,N,N,N,N,N,N,N,N,N,N,"MASALLI, SULEYMAN RUSTEM KUCHESI, EV 70, MEN 29",TECH SOLUTIONS MMC,O,N,2026-06-21,,N,RETAIL,IBRAHIMOMURA,,FIZIKI,SMS,"SUMQAYIT, BABEK PROSPEKTI, EV 67, MEN 69",,,2026-06-21,N,MASS,,Y,Y,IBRAHIMOV MURAD,,,,STANDARD,,,N,AZERBAIJAN,,
100000073,4003115,83R2RPW,AZE18009579,,I,RETAIL,Tagiyev Nihad Ilham OGLU,Nihad,Tagiyev,Ilham OGLU,M,1982-08-25,QABALA,M,AZ,SALARY,2009-09-21,120,N,TEACHER,,TECH SOLUTIONS MMC,N,N,N,,,MILLENNIALS_GEN_Y,N,Y,N,Y,2,R,,,2009-09-21 12:43:00,2009-09-21 11:08:00,PUBLIC_SECTOR,NIHAD,AZ,IDENTITY_CARD,,AZ,,2010-01-01,2019-10-25,"QABALA, BABEK PROSPEKTI, EV 43, MEN 7",,,TAGIYEV NIHAD,N,2009-09,,N,N,N,N,N,N,N,N,N,N,N,N,N,"SAMAXI, SULEYMAN RUSTEM KUCHESI, EV 60, MEN 31",TECH SOLUTIONS MMC,O,N,2026-06-21,,N,RETAIL,TAGIYEVNIHA,,FIZIKI,EMAIL,"QABALA, NIZAMI KUCHESI, EV 85, MEN 147",,,2026-06-21,N,MASS,,Y,Y,TAGIYEV NIHAD,,,,STANDARD,,,N,AZERBAIJAN,,
100000074,4005047,,,3611656407,C,CORPORATE,Atlas Transport ASC 0017,,,,,,,,,BUSINESS,2017-03-04,007,N,LEGAL_ENTITY,,,N,N,N,6,L. Aliyeva,,N,,,Y,2,R,RM1008,GRP0121,2017-03-04 12:00:00,2017-03-04 11:00:00,LEGAL_ENTITY,ATLASTRANSPORTASC001,AZ,TAX_CERTIFICATE,,AZ,,,,"SEKI, XETAI PROSPEKTI, EV 136, MEN 67",,,ATLAS TRANSPORT ASC 0017,N,2017-03,,N,N,N,N,N,N,N,N,N,N,N,N,N,"SEKI, BABEK PROSPEKTI, EV 32, MEN 115",Atlas Transport ASC 0017,O,N,2026-06-21,LEGAL_ENTITY,N,CORP,ATLAS TRANSPORT ASC ,,KORP,MOBILE_APP,"SEKI, HEYDER ELIYEV PROSPEKTI, EV 234, MEN 38","SEKI, NIZAMI KUCHESI, EV 59, MEN 1",AZ,2026-06-21,N,SME,,Y,Y,,,2006-10-29,GRP_0060,STANDARD,LR5295,,N,AZERBAIJAN,,
100000075,4003054,,,4366682436,B,BANK,Azer Bank ASC 002,,,,,,,,,CORRESPONDENT,2005-06-28,120,N,BANK,,,N,N,N,1807,L. Aliyeva,,Y,,,Y,4,R,RM1010,BNK002,2005-06-28 12:00:00,2005-06-28 11:00:00,BANK,AZERBANKASC002,AZ,BANK_LICENSE,,AZ,,,,"BAKI, SULEYMAN RUSTEM KUCHESI, EV 83, MEN 88",,,AZER BANK ASC 002,N,2005-06,,N,N,N,N,N,N,N,N,N,N,N,N,N,"BAKI, TBLISI PROSPEKTI, EV 233, MEN 112",Azer Bank ASC 002,O,N,2026-06-21,FINANCIAL_INSTITUTION,N,BANK,AZER BANK ASC 002,CASPAZ22,BANK,SMS,"BAKI, HEYDER ELIYEV PROSPEKTI, EV 207, MEN 116","BAKI, AZADLIQ PROSPEKTI, EV 24, MEN 45",AZ,2026-06-21,N,BANK,,Y,Y,,,1992-03-05,,PREMIUM,LR2680,,N,AZERBAIJAN,,
100000076,4008069,43VEL3X,AZE65457691,,I,INDIVIDUAL,Aghayev Aytac Natiq QIZI,Aytac,Aghayev,Natiq QIZI,F,1987-11-08,MASALLI,M,AZ,SALARY,2007-09-19,056,N,ENTREPRENEUR,,NORTH CONSTRUCTION MMC,N,N,N,,,MILLENNIALS_GEN_Y,N,Y,N,Y,4,R,,,2007-09-19 12:42:00,2007-09-19 11:07:00,SELF_EMPLOYED,AYTAC,AZ,IDENTITY_CARD,,AZ,,2010-01-01,2019-01-19,"MASALLI, AZADLIQ PROSPEKTI, EV 206, MEN 22",,,AGHAYEV AYTAC,N,2007-09,,N,N,N,N,N,N,N,N,N,N,N,N,N,"SUMQAYIT, HEYDER ELIYEV PROSPEKTI, EV 111, MEN 144",NORTH CONSTRUCTION MMC,O,N,2026-06-21,,N,RETAIL,AGHAYEVAYTA,,FIZIKI,SMS,"MASALLI, SULEYMAN RUSTEM KUCHESI, EV 58, MEN 56",,,2026-06-21,N,MASS,,Y,Y,AGHAYEV AYTAC,,,,STANDARD,,,N,AZERBAIJAN,,
100000077,4010753,,,6694712082,C,SME/C,Baku Transport ASC 0018,,,,,,,,,BUSINESS,2021-02-20,089,N,LEGAL_ENTITY,,,N,N,N,48,R. Hasanov,,N,,,Y,2,R,RM1005,GRP0021,2021-02-20 12:00:00,2021-02-20 11:00:00,LEGAL_ENTITY,BAKUTRANSPORTASC0018,AZ,TAX_CERTIFICATE,,AZ,,,,"BAKI, BABEK PROSPEKTI, EV 95, MEN 145",,,BAKU TRANSPORT ASC 0018,N,2021-02,,N,N,N,N,N,N,N,N,N,N,N,N,N,"BAKI, BABEK PROSPEKTI, EV 18, MEN 145",Baku Transport ASC 0018,O,N,2026-06-21,LEGAL_ENTITY,N,CORP,BAKU TRANSPORT ASC 0,,KORP,EMAIL,"BAKI, ATATURK PROSPEKTI, EV 65, MEN 118","BAKI, AZADLIQ PROSPEKTI, EV 243, MEN 110",AZ,2026-06-21,N,SME,,Y,Y,,,1999-02-22,GRP_0188,STANDARD,LR3645,,N,AZERBAIJAN,,
100000078,4012547,11BLH01,AZE51343092,,I,INDIVIDUAL,Babayeva Ramil Adil OGLU,Ramil,Babayeva,Adil OGLU,M,1986-03-13,SUMQAYIT,M,AZ,SALARY,2005-05-20,168,N,TECHNICIAN,,CASPIAN LOGISTICS MMC,N,N,N,,,MILLENNIALS_GEN_Y,N,Y,N,Y,3,R,,,2005-05-20 12:37:00,2005-05-20 11:18:00,SELF_EMPLOYED,RAMIL,AZ,IDENTITY_CARD,,AZ,,2010-01-01,2018-04-20,"SUMQAYIT, ATATURK PROSPEKTI, EV 132, MEN 16",,,BABAYEVA RAMIL,N,2005-05,,N,N,N,N,N,N,N,N,N,N,N,N,N,"BAKI, TBLISI PROSPEKTI, EV 134, MEN 125",CASPIAN LOGISTICS MMC,O,N,2026-06-21,,N,RETAIL,BABAYEVARAMI,,FIZIKI,EMAIL,"SUMQAYIT, BABEK PROSPEKTI, EV 15, MEN 61",,,2026-06-21,N,MASS,,Y,Y,BABAYEVA RAMIL,,,,STANDARD,,,N,AZERBAIJAN,,
100000079,4007967,5QLV5NQ,AZE34250453,,I,INDIVIDUAL,Asgarov Javid Tahir OGLU,Javid,Asgarov,Tahir OGLU,M,1965-09-24,QABALA,S,AZ,LOAN,2016-03-01,120,N,DOCTOR,5011712,FINANCE CONSULTING MMC,N,N,N,,,GEN_X,N,N,N,Y,3,R,,,2016-03-01 12:32:00,2016-03-01 11:10:00,SELF_EMPLOYED,JAVID,AZ,IDENTITY_CARD,,AZ,,2014-04-21,2023-07-25,"QABALA, BABEK PROSPEKTI, EV 240, MEN 46",,,ASGAROV JAVID,N,2016-03,,N,N,N,N,N,N,N,N,N,N,N,N,N,"YEVLAX, ATATURK PROSPEKTI, EV 208, MEN 115",FINANCE CONSULTING MMC,O,N,2026-06-21,,N,RETAIL,ASGAROVJAVI,,FIZIKI,MOBILE_APP,"QABALA, XETAI PROSPEKTI, EV 248, MEN 49",,,2026-06-21,N,MASS,,Y,Y,ASGAROV JAVID,,,,STANDARD,,,N,AZERBAIJAN,,
100000080,4002459,,,3839085278,C,SME/C,Silk Road Logistics ASC 0019,,,,,,,,,BUSINESS,2015-01-29,120,N,LEGAL_ENTITY,,,N,N,N,17,R. Hasanov,,N,,,Y,4,R,RM1001,GRP0151,2015-01-29 12:00:00,2015-01-29 11:00:00,LEGAL_ENTITY,SILKROADLOGISTICSASC,AZ,TAX_CERTIFICATE,,AZ,,,,"SEKI, HEYDER ELIYEV PROSPEKTI, EV 26, MEN 89",,,SILK ROAD LOGISTICS ASC 0019,N,2015-01,,N,N,N,N,N,N,N,N,N,N,N,N,N,"SEKI, ATATURK PROSPEKTI, EV 71, MEN 97",Silk Road Logistics ASC 0019,O,N,2026-06-21,LEGAL_ENTITY,N,CORP,SILK ROAD LOGISTICS ,,KORP,MOBILE_APP,"SEKI, SULEYMAN RUSTEM KUCHESI, EV 48, MEN 74","SEKI, XETAI PROSPEKTI, EV 138, MEN 67",AZ,2026-06-21,N,SME,,Y,Y,,,2007-08-18,GRP_0241,STANDARD,LR1730,,N,AZERBAIJAN,,
100000081,4007067,6XXGR2L,AZE16825432,,I,INDIVIDUAL,Quliyev Javid Ilham OGLU,Javid,Quliyev,Ilham OGLU,M,1995-10-10,MINGECEVIR,M,AZ,SALARY,2019-02-03,022,N,SALES SPECIALIST,,FINANCE CONSULTING MMC,N,N,N,,,MILLENNIALS_GEN_Y,N,Y,N,Y,3,R,,,2019-02-03 12:19:00,2019-02-03 11:47:00,PUBLIC_SECTOR,JAVID,AZ,IDENTITY_CARD,,AZ,,2014-02-14,2022-04-27,"MINGECEVIR, AZADLIQ PROSPEKTI, EV 223, MEN 60",,,QULIYEV JAVID,N,2019-02,,N,N,N,N,N,N,N,N,N,N,N,N,N,"SUMQAYIT, TBLISI PROSPEKTI, EV 202, MEN 93",FINANCE CONSULTING MMC,O,N,2026-06-21,,N,RETAIL,QULIYEVJAVI,,FIZIKI,SMS,"MINGECEVIR, ATATURK PROSPEKTI, EV 164, MEN 107",,,2026-06-21,N,MASS,,Y,Y,QULIYEV JAVID,,,,STANDARD,,,N,AZERBAIJAN,,
100000082,4002881,4ZCD8XJ,AZE21785886,,I,INDIVIDUAL OWNER,Safarov Gunel Natiq QIZI,Gunel,Safarov,Natiq QIZI,F,1952-07-02,NAXCIVAN,S,AZ,PENSION,2006-02-01,022,N,LAWYER,,FINANCE CONSULTING MMC,N,N,N,,,BABY_BOOMERS,N,Y,Y,Y,3,R,,,2006-02-01 12:42:00,2006-02-01 11:56:00,SELF_EMPLOYED,GUNEL,AZ,IDENTITY_CARD,,AZ,,2010-01-01,2019-09-25,"NAXCIVAN, AZADLIQ PROSPEKTI, EV 131, MEN 110",,,SAFAROV GUNEL,N,2006-02,,N,N,N,N,N,N,N,N,N,N,N,N,N,"SAMAXI, HEYDER ELIYEV PROSPEKTI, EV 168, MEN 47",FINANCE CONSULTING MMC,O,N,2026-06-21,,N,RETAIL,SAFAROVGUNE,,FIZIKI,MOBILE_APP,"NAXCIVAN, NIZAMI KUCHESI, EV 42, MEN 38",,,2026-06-21,N,MASS,,Y,Y,SAFAROV GUNEL,,,,STANDARD,,,N,AZERBAIJAN,,
100000083,4008805,8MFFWH9,AZE90231044,,I,RETAIL,Asgarov Anar Tahir OGLU,Anar,Asgarov,Tahir OGLU,M,1978-09-09,GANCA,W,AZ,CARD,2008-01-23,007,N,DESIGNER,5024677,TECH SOLUTIONS MMC,N,N,N,,,GEN_X,N,N,N,Y,3,R,,,2008-01-23 12:03:00,2008-01-23 11:56:00,SELF_EMPLOYED,ANAR,AZ,IDENTITY_CARD,,AZ,,2010-01-01,2017-09-14,"GANCA, NIZAMI KUCHESI, EV 221, MEN 78",,,ASGAROV ANAR,N,2008-01,,N,N,N,N,N,N,N,N,N,N,N,N,N,"SUMQAYIT, NIZAMI KUCHESI, EV 14, MEN 18",TECH SOLUTIONS MMC,O,N,2026-06-21,,N,RETAIL,ASGAROVANAR,,FIZIKI,SMS,"GANCA, TBLISI PROSPEKTI, EV 213, MEN 21",,,2026-06-21,N,MASS,,Y,Y,ASGAROV ANAR,,,,STANDARD,,,N,AZERBAIJAN,,
100000084,4010327,62X0Q2G,AZE99799282,,I,INDIVIDUAL,Ibrahimov Rena Nazim QIZI,Rena,Ibrahimov,Nazim QIZI,F,1958-10-04,YEVLAX,S,AZ,PENSION,2007-05-26,042,N,IT SPECIALIST,,CASPIAN LOGISTICS MMC,N,N,Y,,,BABY_BOOMERS,N,Y,Y,Y,3,R,,,2007-05-26 12:33:00,2007-05-26 11:20:00,SELF_EMPLOYED,RENA,AZ,IDENTITY_CARD,,AZ,,2010-01-01,2018-10-25,"YEVLAX, TBLISI PROSPEKTI, EV 79, MEN 47",,,IBRAHIMOV RENA,N,2007-05,,N,N,N,N,N,N,N,N,N,N,N,N,N,"LENKERAN, AZADLIQ PROSPEKTI, EV 40, MEN 107",CASPIAN LOGISTICS MMC,O,N,2026-06-21,,N,RETAIL,IBRAHIMORENA,,FIZIKI,EMAIL,"YEVLAX, TBLISI PROSPEKTI, EV 25, MEN 149",,,2026-06-21,N,MASS,,Y,Y,IBRAHIMOV RENA,EMP1740,,,STANDARD,,,N,AZERBAIJAN,,
100000085,4006211,6KAUNXX,AZE62171816,,I,RETAIL,Abbasov Emil Natiq OGLU,Emil,Abbasov,Natiq OGLU,M,1958-07-29,YEVLAX,M,AZ,SALARY,2014-09-06,102,N,LAWYER,,AZER TELECOM MMC,N,N,N,,,BABY_BOOMERS,N,Y,N,Y,3,R,,,2014-09-06 12:26:00,2014-09-06 11:57:00,SELF_EMPLOYED,EMIL,AZ,IDENTITY_CARD,,AZ,,2014-08-27,2023-06-22,"YEVLAX, NIZAMI KUCHESI, EV 150, MEN 121",,,ABBASOV EMIL,N,2014-09,,N,N,N,N,N,N,N,N,N,N,N,N,N,"SEKI, SULEYMAN RUSTEM KUCHESI, EV 193, MEN 88",AZER TELECOM MMC,O,N,2026-06-21,,N,RETAIL,ABBASOVEMIL,,FIZIKI,MOBILE_APP,"YEVLAX, XETAI PROSPEKTI, EV 37, MEN 98",,,2026-06-21,N,MASS,,Y,Y,ABBASOV EMIL,,,,STANDARD,,,N,AZERBAIJAN,,
100000086,4014737,3X7ATKH,AZE75840731,,I,RETAIL,Babayeva Elnur Adil OGLU,Elnur,Babayeva,Adil OGLU,M,1971-08-11,SEKI,M,AZ,SALARY,2011-06-01,145,N,LAWYER,,MEDICAL SERVICE MMC,N,N,N,,,GEN_X,N,Y,N,Y,2,R,,,2011-06-01 12:53:00,2011-06-01 11:43:00,SELF_EMPLOYED,ELNUR,AZ,IDENTITY_CARD,,AZ,,2010-11-01,2018-10-31,"SEKI, BABEK PROSPEKTI, EV 108, MEN 86",,,BABAYEVA ELNUR,N,2011-06,,N,N,N,N,N,N,N,N,N,N,N,N,N,"QUBA, ATATURK PROSPEKTI, EV 213, MEN 117",MEDICAL SERVICE MMC,O,N,2026-06-21,,N,RETAIL,BABAYEVAELNU,,FIZIKI,EMAIL,"SEKI, XETAI PROSPEKTI, EV 166, MEN 63",,,2026-06-21,N,MASS,,Y,Y,BABAYEVA ELNUR,,,,STANDARD,,,N,AZERBAIJAN,,
100000087,4012228,1RBW57E,AZE83318150,,I,INDIVIDUAL,Jafarov Javid Camil OGLU,Javid,Jafarov,Camil OGLU,M,1980-09-09,ZAGATALA,M,AZ,SALARY,2017-06-10,001,N,LAWYER,,MEDICAL SERVICE MMC,N,N,N,,,GEN_X,N,Y,N,Y,4,R,,,2017-06-10 12:00:00,2017-06-10 11:32:00,PUBLIC_SECTOR,JAVID,AZ,IDENTITY_CARD,,AZ,,2014-09-16,2022-11-15,"ZAGATALA, HEYDER ELIYEV PROSPEKTI, EV 132, MEN 106",,,JAFAROV JAVID,N,2017-06,,N,N,N,N,N,N,N,N,N,N,N,N,N,"SEKI, NIZAMI KUCHESI, EV 17, MEN 55",MEDICAL SERVICE MMC,O,N,2026-06-21,,N,RETAIL,JAFAROVJAVI,,FIZIKI,SMS,"ZAGATALA, ATATURK PROSPEKTI, EV 92, MEN 12",,,2026-06-21,N,MASS,,Y,Y,JAFAROV JAVID,,,,STANDARD,,,N,AZERBAIJAN,,
100000088,4002184,2RLHUDH,AZE62342428,,I,INDIVIDUAL,Safarov Aysu Rasim QIZI,Aysu,Safarov,Rasim QIZI,F,1978-09-29,SUMQAYIT,M,AZ,LOAN,2023-08-09,268,N,MANAGER,5036267,MEDICAL SERVICE MMC,N,N,N,,,GEN_X,N,N,N,Y,4,R,,,2023-08-09 12:37:00,2023-08-09 11:27:00,SELF_EMPLOYED,AYSU,AZ,IDENTITY_CARD,,AZ,,2018-12-16,2026-08-04,"SUMQAYIT, XETAI PROSPEKTI, EV 131, MEN 54",,,SAFAROV AYSU,N,2023-08,,N,N,N,N,N,N,N,N,N,N,N,N,N,"ZAGATALA, BABEK PROSPEKTI, EV 102, MEN 9",MEDICAL SERVICE MMC,O,N,2026-06-21,,N,RETAIL,SAFAROVAYSU,,FIZIKI,EMAIL,"SUMQAYIT, TBLISI PROSPEKTI, EV 158, MEN 140",,,2026-06-21,N,MASS,,Y,Y,SAFAROV AYSU,,,,STANDARD,,,N,AZERBAIJAN,,
100000089,4004357,6MZ1KEA,AZE34933557,,I,RETAIL,Mammadov Kamran Vugar OGLU,Kamran,Mammadov,Vugar OGLU,M,1996-12-28,LENKERAN,D,AZ,SALARY,2020-05-20,056,N,TEACHER,,NORTH CONSTRUCTION MMC,N,N,N,,,MILLENNIALS_GEN_Y,N,Y,N,Y,2,R,,,2020-05-20 12:28:00,2020-05-20 11:45:00,PUBLIC_SECTOR,KAMRAN,AZ,IDENTITY_CARD,,AZ,,2014-12-21,2023-11-23,"LENKERAN, BABEK PROSPEKTI, EV 35, MEN 148",,,MAMMADOV KAMRAN,N,2020-05,,N,N,N,N,N,N,N,N,N,N,N,N,N,"GANCA, AZADLIQ PROSPEKTI, EV 165, MEN 75",NORTH CONSTRUCTION MMC,O,N,2026-06-21,,N,RETAIL,MAMMADOVKAMR,,FIZIKI,EMAIL,"LENKERAN, ATATURK PROSPEKTI, EV 238, MEN 17",,,2026-06-21,N,MASS,,Y,Y,MAMMADOV KAMRAN,,,,STANDARD,,,N,AZERBAIJAN,,
100000090,4006010,4R222DK,AZE42224503,,I,INDIVIDUAL,Tagiyev Emil Nazim OGLU,Emil,Tagiyev,Nazim OGLU,M,1954-10-09,YEVLAX,M,AZ,PENSION,2012-01-24,071,N,SALES SPECIALIST,5014301,BAKU RETAIL MMC,N,N,N,,,BABY_BOOMERS,N,Y,Y,Y,5,R,,,2012-01-24 12:13:00,2012-01-24 11:49:00,SELF_EMPLOYED,EMIL,AZ,IDENTITY_CARD,,AZ,,2010-12-10,2018-12-29,"YEVLAX, NIZAMI KUCHESI, EV 49, MEN 147",,,TAGIYEV EMIL,N,2012-01,,N,N,N,N,N,N,N,N,N,N,N,N,N,"MINGECEVIR, HEYDER ELIYEV PROSPEKTI, EV 184, MEN 24",BAKU RETAIL MMC,O,N,2026-06-21,,N,RETAIL,TAGIYEVEMIL,,FIZIKI,SMS,"YEVLAX, SULEYMAN RUSTEM KUCHESI, EV 179, MEN 110",,,2026-06-21,N,MASS,,Y,Y,TAGIYEV EMIL,,,,STANDARD,,,N,AZERBAIJAN,,
100000091,4012313,47P3ZRN,AZE15240567,,I,RETAIL,Asgarov Orkhan Rauf OGLU,Orkhan,Asgarov,Rauf OGLU,M,1984-11-10,LENKERAN,M,AZ,SALARY,2019-12-21,056,N,DOCTOR,5017897,AZER TELECOM MMC,N,N,N,,,MILLENNIALS_GEN_Y,N,Y,N,Y,4,R,,,2019-12-21 12:19:00,2019-12-21 11:33:00,PRIVATE_SECTOR,ORKHAN,AZ,IDENTITY_CARD,,AZ,,2016-09-08,2024-06-11,"LENKERAN, SULEYMAN RUSTEM KUCHESI, EV 27, MEN 57",,,ASGAROV ORKHAN,N,2019-12,,N,N,N,N,N,N,N,N,N,N,N,N,N,"LENKERAN, NIZAMI KUCHESI, EV 213, MEN 32",AZER TELECOM MMC,O,N,2026-06-21,,N,RETAIL,ASGAROVORKH,,FIZIKI,EMAIL,"LENKERAN, NIZAMI KUCHESI, EV 101, MEN 146",,,2026-06-21,N,MASS,,Y,Y,ASGAROV ORKHAN,,,,STANDARD,,,N,AZERBAIJAN,,
100000092,4012324,671GLFZ,AZE34889045,,I,RETAIL,Ibrahimov Laman Tahir QIZI,Laman,Ibrahimov,Tahir QIZI,F,1970-04-16,SAMAXI,M,AZ,CARD,2018-06-04,001,N,ANALYST,5012222,CITY EDUCATION CENTER,N,N,N,,,GEN_X,N,N,N,Y,3,R,,,2018-06-04 12:12:00,2018-06-04 11:07:00,SELF_EMPLOYED,LAMAN,AZ,IDENTITY_CARD,,AZ,,2011-01-14,2019-02-02,"SAMAXI, BABEK PROSPEKTI, EV 33, MEN 59",,,IBRAHIMOV LAMAN,N,2018-06,,N,N,N,N,N,N,N,N,N,N,N,N,N,"NAXCIVAN, NIZAMI KUCHESI, EV 182, MEN 6",CITY EDUCATION CENTER,O,N,2026-06-21,,N,RETAIL,IBRAHIMOLAMA,,FIZIKI,MOBILE_APP,"SAMAXI, TBLISI PROSPEKTI, EV 195, MEN 84",,,2026-06-21,N,MASS,,Y,Y,IBRAHIMOV LAMAN,,,,STANDARD,,,N,AZERBAIJAN,,
100000093,4004031,1KLJDQW,AZE45381614,,I,INDIVIDUAL,Tagiyev Nihad Rauf OGLU,Nihad,Tagiyev,Rauf OGLU,M,1978-07-30,NAXCIVAN,S,AZ,ABBM,2012-07-17,022,N,SALES SPECIALIST,,CASPIAN LOGISTICS MMC,N,N,N,,,GEN_X,N,N,N,Y,1,R,,,2012-07-17 12:47:00,2012-07-17 11:53:00,PRIVATE_SECTOR,NIHAD,AZ,IDENTITY_CARD,,AZ,,2011-09-21,2019-01-26,"NAXCIVAN, HEYDER ELIYEV PROSPEKTI, EV 49, MEN 62",,,TAGIYEV NIHAD,N,2012-07,,N,N,N,N,N,N,N,N,N,N,N,N,N,"BAKI, XETAI PROSPEKTI, EV 2, MEN 96",CASPIAN LOGISTICS MMC,O,N,2026-06-21,,N,RETAIL,TAGIYEVNIHA,,FIZIKI,MOBILE_APP,"NAXCIVAN, NIZAMI KUCHESI, EV 43, MEN 139",,,2026-06-21,N,MASS,,Y,Y,TAGIYEV NIHAD,,,,STANDARD,,,N,AZERBAIJAN,,
100000094,4009916,16NKZCJ,AZE67404048,,I,INDIVIDUAL,Mammadov Fuad Rasim OGLU,Fuad,Mammadov,Rasim OGLU,M,1982-08-12,MINGECEVIR,S,AZ,SALARY,2016-12-31,042,N,ENGINEER,5034369,CASPIAN LOGISTICS MMC,N,N,N,,,MILLENNIALS_GEN_Y,N,Y,N,Y,2,R,,,2016-12-31 12:04:00,2016-12-31 11:07:00,PUBLIC_SECTOR,FUAD,AZ,IDENTITY_CARD,,AZ,,2014-06-25,2021-09-09,"MINGECEVIR, HEYDER ELIYEV PROSPEKTI, EV 180, MEN 101",,,MAMMADOV FUAD,N,2016-12,,N,N,N,N,N,N,N,N,N,N,N,N,N,"NAXCIVAN, XETAI PROSPEKTI, EV 40, MEN 117",CASPIAN LOGISTICS MMC,O,N,2026-06-21,,N,RETAIL,MAMMADOVFUAD,,FIZIKI,SMS,"MINGECEVIR, XETAI PROSPEKTI, EV 127, MEN 115",,,2026-06-21,N,MASS,,Y,Y,MAMMADOV FUAD,,,,STANDARD,,,N,AZERBAIJAN,,
100000095,4004640,7SM82RE,AZE18821607,,I,RETAIL,Mammadov Nihad Nazim OGLU,Nihad,Mammadov,Nazim OGLU,M,1988-08-16,YEVLAX,S,AZ,SALARY,2017-03-17,168,N,DESIGNER,,CASPIAN LOGISTICS MMC,N,N,N,,,MILLENNIALS_GEN_Y,N,Y,N,Y,1,R,,,2017-03-17 12:48:00,2017-03-17 11:27:00,PRIVATE_SECTOR,NIHAD,AZ,IDENTITY_CARD,,AZ,,2012-12-26,2020-02-11,"YEVLAX, XETAI PROSPEKTI, EV 133, MEN 19",,,MAMMADOV NIHAD,N,2017-03,,N,N,N,N,N,N,N,N,N,N,N,N,N,"QABALA, XETAI PROSPEKTI, EV 62, MEN 58",CASPIAN LOGISTICS MMC,O,N,2026-06-21,,N,RETAIL,MAMMADOVNIHA,,FIZIKI,MOBILE_APP,"YEVLAX, TBLISI PROSPEKTI, EV 163, MEN 34",,,2026-06-21,N,MASS,,Y,Y,MAMMADOV NIHAD,,,,STANDARD,,,N,AZERBAIJAN,,
100000096,4007111,,,2676926095,C,CORPORATE,Absheron Transport MMC 0020,,,,,,,,,BUSINESS,2001-06-15,201,N,LEGAL_ENTITY,,,N,N,N,22,L. Aliyeva,,Y,,,Y,3,R,RM1008,GRP0039,2001-06-15 12:00:00,2001-06-15 11:00:00,LEGAL_ENTITY,ABSHERONTRANSPORTMMC,AZ,TAX_CERTIFICATE,,AZ,,,,"QABALA, NIZAMI KUCHESI, EV 149, MEN 76",,,ABSHERON TRANSPORT MMC 0020,N,2001-06,,N,N,N,N,N,N,N,N,N,N,N,N,N,"QABALA, ATATURK PROSPEKTI, EV 118, MEN 30",Absheron Transport MMC 0020,O,N,2026-06-21,LEGAL_ENTITY,N,CORP,ABSHERON TRANSPORT M,,KORP,MOBILE_APP,"QABALA, XETAI PROSPEKTI, EV 183, MEN 104","QABALA, NIZAMI KUCHESI, EV 235, MEN 45",AZ,2026-06-21,N,SME,,Y,Y,,,1997-12-15,GRP_0298,PREMIUM,LR7608,,N,AZERBAIJAN,,
100000097,4000411,3JRTRPU,AZE21602729,,I,INDIVIDUAL,Huseynov Ramil Vugar OGLU,Ramil,Huseynov,Vugar OGLU,M,1998-05-25,ZAGATALA,M,AZ,SALARY,2020-08-13,118,N,DESIGNER,,AZER TELECOM MMC,N,N,N,,,GEN_Z,N,Y,N,Y,4,R,,,2020-08-13 12:15:00,2020-08-13 11:23:00,PUBLIC_SECTOR,RAMIL,AZ,IDENTITY_CARD,,AZ,,2016-03-30,2023-12-06,"ZAGATALA, XETAI PROSPEKTI, EV 36, MEN 47",,,HUSEYNOV RAMIL,N,2020-08,,N,N,N,N,N,N,N,N,N,N,N,N,N,"SIRVAN, SULEYMAN RUSTEM KUCHESI, EV 88, MEN 28",AZER TELECOM MMC,O,N,2026-06-21,,N,RETAIL,HUSEYNOVRAMI,,FIZIKI,EMAIL,"ZAGATALA, NIZAMI KUCHESI, EV 26, MEN 114",,,2026-06-21,N,MASS,,Y,Y,HUSEYNOV RAMIL,,,,STANDARD,,,N,AZERBAIJAN,,
100000098,4005213,5LDXV4Z,AZE73781894,,I,INDIVIDUAL,Quliyev Khadija Tahir QIZI,Khadija,Quliyev,Tahir QIZI,F,1977-07-19,SEKI,S,AZ,SALARY,2024-09-25,089,N,LAWYER,,CASPIAN LOGISTICS MMC,N,N,N,,,GEN_X,N,Y,N,Y,3,R,,,2024-09-25 12:13:00,2024-09-25 11:04:00,SELF_EMPLOYED,KHADIJA,AZ,IDENTITY_CARD,,AZ,,2014-08-20,2022-01-15,"SEKI, NIZAMI KUCHESI, EV 209, MEN 27",,,QULIYEV KHADIJA,N,2024-09,,N,N,N,N,N,N,N,N,N,N,N,N,N,"MASALLI, SULEYMAN RUSTEM KUCHESI, EV 224, MEN 74",CASPIAN LOGISTICS MMC,O,N,2026-06-21,,N,RETAIL,QULIYEVKHAD,,FIZIKI,MOBILE_APP,"SEKI, NIZAMI KUCHESI, EV 216, MEN 53",,,2026-06-21,N,MASS,,Y,Y,QULIYEV KHADIJA,,,,STANDARD,,,N,AZERBAIJAN,,
100000099,4003273,,,7080039412,C,SME/C,Silk Road Pharmacy ASC 0021,,,,,,,,,BUSINESS,2016-08-07,071,N,LEGAL_ENTITY,,,N,N,N,11,R. Hasanov,,Y,,,Y,2,R,RM1009,GRP0234,2016-08-07 12:00:00,2016-08-07 11:00:00,LEGAL_ENTITY,SILKROADPHARMACYASC0,AZ,TAX_CERTIFICATE,,AZ,,,,"MASALLI, ATATURK PROSPEKTI, EV 59, MEN 39",,,SILK ROAD PHARMACY ASC 0021,N,2016-08,,N,N,N,N,N,N,N,N,N,N,N,N,N,"MASALLI, ATATURK PROSPEKTI, EV 212, MEN 1",Silk Road Pharmacy ASC 0021,O,N,2026-06-21,LEGAL_ENTITY,N,CORP,SILK ROAD PHARMACY A,,KORP,MOBILE_APP,"MASALLI, BABEK PROSPEKTI, EV 16, MEN 110","MASALLI, XETAI PROSPEKTI, EV 80, MEN 119",AZ,2026-06-21,N,SME,,Y,Y,,,2007-08-07,GRP_0156,PREMIUM,LR1545,,N,AZERBAIJAN,,
100000100,4005821,7EN73GN,AZE48374649,,I,INDIVIDUAL,Rahimov Nigar Nazim QIZI,Nigar,Rahimov,Nazim QIZI,F,1969-01-15,NAXCIVAN,S,AZ,SALARY,2006-10-12,118,N,SALES SPECIALIST,5028321,CASPIAN LOGISTICS MMC,N,N,N,,,GEN_X,N,Y,N,Y,3,R,,,2006-10-12 12:18:00,2006-10-12 11:12:00,PUBLIC_SECTOR,NIGAR,AZ,IDENTITY_CARD,,AZ,,2010-01-01,2018-08-03,"NAXCIVAN, HEYDER ELIYEV PROSPEKTI, EV 169, MEN 138",,,RAHIMOV NIGAR,N,2006-10,,N,N,N,N,N,N,N,N,N,N,N,N,N,"ZAGATALA, BABEK PROSPEKTI, EV 242, MEN 22",CASPIAN LOGISTICS MMC,O,N,2026-06-21,,N,RETAIL,RAHIMOVNIGA,,FIZIKI,EMAIL,"NAXCIVAN, BABEK PROSPEKTI, EV 192, MEN 21",,,2026-06-21,N,MASS,,Y,Y,RAHIMOV NIGAR,,,,STANDARD,,,N,AZERBAIJAN,,
